TagID,TagName,Description,TagType,TagDataType,MaxRawValue,MinRawValue,MaxValue,MinValue,NonLinearTableName,ConvertType,IsFilter,DeadBand,Unit,ChannelName,DeviceName,ChannelDriver,DeviceSeries,DeviceSeriesType,CollectControl,CollectInterval,CollectOffset,TimeZoneBias,TimeAdjustment,Enable,ForceWrite,ItemName,RegName,RegType,ItemDataType,ItemAccessMode,HisRecordMode,HisDeadBand,HisInterval,TagGroup,NamespaceIndex,IdentifierType,Identifier,ValueRank,QueueSize,DiscardOldest,MonitoringMode,TriggerMode,DeadType,DeadValue,UANodePath
1001,M0101_C_MAN,设备1手动按钮,用户变量,IODisc,,,,,,,,,,以太网<192.168.10.11>,PLC1,S71500Tcp,S7-1500,0,否,1000,0,0,0,是,否,DB3.0.0,DB,3,BIT,读写,不记录,0,60,TEST.一期,0,0,,-1,1,0,0,0,0,0,
1002,M0101_C_AUT,设备1自动按钮,用户变量,IODisc,,,,,,,,,,以太网<192.168.10.11>,PLC1,S71500Tcp,S7-1500,0,否,1000,0,0,0,是,否,DB3.0.1,DB,3,BIT,读写,不记录,0,60,TEST.一期,0,0,,-1,1,0,0,0,0,0,
1003,M0101_C_OP,设备1开阀按钮,用户变量,IODisc,,,,,,,,,,以太网<192.168.10.11>,PLC1,S71500Tcp,S7-1500,0,否,1000,0,0,0,是,否,DB3.0.2,DB,3,BIT,读写,不记录,0,60,TEST.一期,0,0,,-1,1,0,0,0,0,0,
1004,M0101_C_CL,设备1关阀按钮,用户变量,IODisc,,,,,,,,,,以太网<192.168.10.11>,PLC1,S71500Tcp,S7-1500,0,否,1000,0,0,0,是,否,DB3.0.3,DB,3,BIT,读写,不记录,0,60,TEST.一期,0,0,,-1,1,0,0,0,0,0,
1005,M0101_C_SP,设备1停止按钮,用户变量,IODisc,,,,,,,,,,以太网<192.168.10.11>,PLC1,S71500Tcp,S7-1500,0,否,1000,0,0,0,是,否,DB3.0.4,DB,3,BIT,读写,不记录,0,60,TEST.一期,0,0,,-1,1,0,0,0,0,0,
1006,M0101_C_RST,设备1复位按钮,用户变量,IODisc,,,,,,,,,,以太网<192.168.10.11>,PLC1,S71500Tcp,S7-1500,0,否,1000,0,0,0,是,否,DB3.0.5,DB,3,BIT,读写,不记录,0,60,TEST.一期,0,0,,-1,1,0,0,0,0,0,
1007,M0101_W_T_FLT,设备1超时设定(S),用户变量,IOShort,32767,-32767,32767,-32767,,无,否,0,,以太网<192.168.10.11>,PLC1,S71500Tcp,S7-1500,0,否,1000,0,0,0,是,否,DB3.2,DB,3,SHORT,只读,不记录,0,60,TEST.一期,0,0,,-1,1,0,0,0,0,0,
1008,M0101_S_REM,设备1就地/远程模式,用户变量,IODisc,,,,,,,,,,以太网<192.168.10.11>,PLC1,S71500Tcp,S7-1500,0,否,1000,0,0,0,是,否,DB3.4.0,DB,3,BIT,读写,不记录,0,60,TEST.一期,0,0,,-1,1,0,0,0,0,0,
1009,M0101_S_AUT,设备1手动/自动模式,用户变量,IODisc,,,,,,,,,,以太网<192.168.10.11>,PLC1,S71500Tcp,S7-1500,0,否,1000,0,0,0,是,否,DB3.4.1,DB,3,BIT,读写,不记录,0,60,TEST.一期,0,0,,-1,1,0,0,0,0,0,
1010,M0101_S_ZIO,设备1全开状态,用户变量,IODisc,,,,,,,,,,以太网<192.168.10.11>,PLC1,S71500Tcp,S7-1500,0,否,1000,0,0,0,是,否,DB3.4.2,DB,3,BIT,读写,不记录,0,60,TEST.一期,0,0,,-1,1,0,0,0,0,0,
1011,M0101_S_ZIC,设备1全关状态,用户变量,IODisc,,,,,,,,,,以太网<192.168.10.11>,PLC1,S71500Tcp,S7-1500,0,否,1000,0,0,0,是,否,DB3.4.3,DB,3,BIT,读写,不记录,0,60,TEST.一期,0,0,,-1,1,0,0,0,0,0,
1012,M0101_S_PSO,设备1开过程状态,用户变量,IODisc,,,,,,,,,,以太网<192.168.10.11>,PLC1,S71500Tcp,S7-1500,0,否,1000,0,0,0,是,否,DB3.4.4,DB,3,BIT,读写,不记录,0,60,TEST.一期,0,0,,-1,1,0,0,0,0,0,
1013,M0101_S_PSC,设备1关过程状态,用户变量,IODisc,,,,,,,,,,以太网<192.168.10.11>,PLC1,S71500Tcp,S7-1500,0,否,1000,0,0,0,是,否,DB3.4.5,DB,3,BIT,读写,不记录,0,60,TEST.一期,0,0,,-1,1,0,0,0,0,0,
1014,M0101_V_SW,设备1状态字,用户变量,IOShort,32767,-32767,32767,-32767,,无,否,0,,以太网<192.168.10.11>,PLC1,S71500Tcp,S7-1500,0,否,1000,0,0,0,是,否,DB3.6,DB,3,SHORT,只读,不记录,0,60,TEST.一期,0,0,,-1,1,0,0,0,0,0,
1015,M0101_A_TFLT,设备1综合故障,用户变量,IODisc,,,,,,,,,,以太网<192.168.10.11>,PLC1,S71500Tcp,S7-1500,0,否,1000,0,0,0,是,否,DB3.8.0,DB,3,BIT,读写,不记录,0,60,TEST.一期,0,0,,-1,1,0,0,0,0,0,
1016,M0101_A_FLT,设备1故障信号,用户变量,IODisc,,,,,,,,,,以太网<192.168.10.11>,PLC1,S71500Tcp,S7-1500,0,否,1000,0,0,0,是,否,DB3.8.1,DB,3,BIT,读写,不记录,0,60,TEST.一期,0,0,,-1,1,0,0,0,0,0,
1017,M0101_A_OLO,设备1开过扭信号,用户变量,IODisc,,,,,,,,,,以太网<192.168.10.11>,PLC1,S71500Tcp,S7-1500,0,否,1000,0,0,0,是,否,DB3.8.2,DB,3,BIT,读写,不记录,0,60,TEST.一期,0,0,,-1,1,0,0,0,0,0,
1018,M0101_A_OLC,设备1关过扭信号,用户变量,IODisc,,,,,,,,,,以太网<192.168.10.11>,PLC1,S71500Tcp,S7-1500,0,否,1000,0,0,0,是,否,DB3.8.3,DB,3,BIT,读写,不记录,0,60,TEST.一期,0,0,,-1,1,0,0,0,0,0,
1019,M0101_A_OTO,设备1开超时报警,用户变量,IODisc,,,,,,,,,,以太网<192.168.10.11>,PLC1,S71500Tcp,S7-1500,0,否,1000,0,0,0,是,否,DB3.8.4,DB,3,BIT,读写,不记录,0,60,TEST.一期,0,0,,-1,1,0,0,0,0,0,
1020,M0101_A_OTC,设备1关超时报警,用户变量,IODisc,,,,,,,,,,以太网<192.168.10.11>,PLC1,S71500Tcp,S7-1500,0,否,1000,0,0,0,是,否,DB3.8.5,DB,3,BIT,读写,不记录,0,60,TEST.一期,0,0,,-1,1,0,0,0,0,0,
1021,M0101_V_T_PS,设备1动作时间,用户变量,IOShort,32767,-32767,32767,-32767,,无,否,0,,以太网<192.168.10.11>,PLC1,S71500Tcp,S7-1500,0,否,1000,0,0,0,是,否,DB3.10,DB,3,SHORT,只读,不记录,0,60,TEST.一期,0,0,,-1,1,0,0,0,0,0,
1022,M0101_V_ZIT,设备1开度反馈,用户变量,IOFloat,1000000000,-1000000000,1000000000,-1000000000,,无,否,0,,以太网<192.168.10.11>,PLC1,S71500Tcp,S7-1500,0,否,1000,0,0,0,是,否,DB3.12,DB,3,FLOAT,只读,不记录,0,60,TEST.一期,0,0,,-1,1,0,0,0,0,0,
1023,M0101_W_ZIT,设备1开度设定,用户变量,IOFloat,1000000000,-1000000000,1000000000,-1000000000,,无,否,0,,以太网<192.168.10.11>,PLC1,S71500Tcp,S7-1500,0,否,1000,0,0,0,是,否,DB3.16,DB,3,FLOAT,只读,不记录,0,60,TEST.一期,0,0,,-1,1,0,0,0,0,0,
1024,M0102_C_MAN,设备2手动按钮,用户变量,IODisc,,,,,,,,,,以太网<192.168.10.11>,PLC1,S71500Tcp,S7-1500,0,否,1000,0,0,0,是,否,DB3.50.0,DB,3,BIT,读写,不记录,0,60,TEST.一期,0,0,,-1,1,0,0,0,0,0,
1025,M0102_C_AUT,设备2自动按钮,用户变量,IODisc,,,,,,,,,,以太网<192.168.10.11>,PLC1,S71500Tcp,S7-1500,0,否,1000,0,0,0,是,否,DB3.50.1,DB,3,BIT,读写,不记录,0,60,TEST.一期,0,0,,-1,1,0,0,0,0,0,
1026,M0102_C_OP,设备2开阀按钮,用户变量,IODisc,,,,,,,,,,以太网<192.168.10.11>,PLC1,S71500Tcp,S7-1500,0,否,1000,0,0,0,是,否,DB3.50.2,DB,3,BIT,读写,不记录,0,60,TEST.一期,0,0,,-1,1,0,0,0,0,0,
1027,M0102_C_CL,设备2关阀按钮,用户变量,IODisc,,,,,,,,,,以太网<192.168.10.11>,PLC1,S71500Tcp,S7-1500,0,否,1000,0,0,0,是,否,DB3.50.3,DB,3,BIT,读写,不记录,0,60,TEST.一期,0,0,,-1,1,0,0,0,0,0,
1028,M0102_C_SP,设备2停止按钮,用户变量,IODisc,,,,,,,,,,以太网<192.168.10.11>,PLC1,S71500Tcp,S7-1500,0,否,1000,0,0,0,是,否,DB3.50.4,DB,3,BIT,读写,不记录,0,60,TEST.一期,0,0,,-1,1,0,0,0,0,0,
1029,M0102_C_RST,设备2复位按钮,用户变量,IODisc,,,,,,,,,,以太网<192.168.10.11>,PLC1,S71500Tcp,S7-1500,0,否,1000,0,0,0,是,否,DB3.50.5,DB,3,BIT,读写,不记录,0,60,TEST.一期,0,0,,-1,1,0,0,0,0,0,
1030,M0102_W_T_FLT,设备2超时设定(S),用户变量,IOShort,32767,-32767,32767,-32767,,无,否,0,,以太网<192.168.10.11>,PLC1,S71500Tcp,S7-1500,0,否,1000,0,0,0,是,否,DB3.52,DB,3,SHORT,只读,不记录,0,60,TEST.一期,0,0,,-1,1,0,0,0,0,0,
1031,M0102_S_REM,设备2就地/远程模式,用户变量,IODisc,,,,,,,,,,以太网<192.168.10.11>,PLC1,S71500Tcp,S7-1500,0,否,1000,0,0,0,是,否,DB3.54.0,DB,3,BIT,读写,不记录,0,60,TEST.一期,0,0,,-1,1,0,0,0,0,0,
1032,M0102_S_AUT,设备2手动/自动模式,用户变量,IODisc,,,,,,,,,,以太网<192.168.10.11>,PLC1,S71500Tcp,S7-1500,0,否,1000,0,0,0,是,否,DB3.54.1,DB,3,BIT,读写,不记录,0,60,TEST.一期,0,0,,-1,1,0,0,0,0,0,
1033,M0102_S_ZIO,设备2全开状态,用户变量,IODisc,,,,,,,,,,以太网<192.168.10.11>,PLC1,S71500Tcp,S7-1500,0,否,1000,0,0,0,是,否,DB3.54.2,DB,3,BIT,读写,不记录,0,60,TEST.一期,0,0,,-1,1,0,0,0,0,0,
1034,M0102_S_ZIC,设备2全关状态,用户变量,IODisc,,,,,,,,,,以太网<192.168.10.11>,PLC1,S71500Tcp,S7-1500,0,否,1000,0,0,0,是,否,DB3.54.3,DB,3,BIT,读写,不记录,0,60,TEST.一期,0,0,,-1,1,0,0,0,0,0,
1035,M0102_S_PSO,设备2开过程状态,用户变量,IODisc,,,,,,,,,,以太网<192.168.10.11>,PLC1,S71500Tcp,S7-1500,0,否,1000,0,0,0,是,否,DB3.54.4,DB,3,BIT,读写,不记录,0,60,TEST.一期,0,0,,-1,1,0,0,0,0,0,
1036,M0102_S_PSC,设备2关过程状态,用户变量,IODisc,,,,,,,,,,以太网<192.168.10.11>,PLC1,S71500Tcp,S7-1500,0,否,1000,0,0,0,是,否,DB3.54.5,DB,3,BIT,读写,不记录,0,60,TEST.一期,0,0,,-1,1,0,0,0,0,0,
1037,M0102_V_SW,设备2状态字,用户变量,IOShort,32767,-32767,32767,-32767,,无,否,0,,以太网<192.168.10.11>,PLC1,S71500Tcp,S7-1500,0,否,1000,0,0,0,是,否,DB3.56,DB,3,SHORT,只读,不记录,0,60,TEST.一期,0,0,,-1,1,0,0,0,0,0,
1038,M0102_A_TFLT,设备2综合故障,用户变量,IODisc,,,,,,,,,,以太网<192.168.10.11>,PLC1,S71500Tcp,S7-1500,0,否,1000,0,0,0,是,否,DB3.58.0,DB,3,BIT,读写,不记录,0,60,TEST.一期,0,0,,-1,1,0,0,0,0,0,
1039,M0102_A_FLT,设备2故障信号,用户变量,IODisc,,,,,,,,,,以太网<192.168.10.11>,PLC1,S71500Tcp,S7-1500,0,否,1000,0,0,0,是,否,DB3.58.1,DB,3,BIT,读写,不记录,0,60,TEST.一期,0,0,,-1,1,0,0,0,0,0,
1040,M0102_A_OLO,设备2开过扭信号,用户变量,IODisc,,,,,,,,,,以太网<192.168.10.11>,PLC1,S71500Tcp,S7-1500,0,否,1000,0,0,0,是,否,DB3.58.2,DB,3,BIT,读写,不记录,0,60,TEST.一期,0,0,,-1,1,0,0,0,0,0,
1041,M0102_A_OLC,设备2关过扭信号,用户变量,IODisc,,,,,,,,,,以太网<192.168.10.11>,PLC1,S71500Tcp,S7-1500,0,否,1000,0,0,0,是,否,DB3.58.3,DB,3,BIT,读写,不记录,0,60,TEST.一期,0,0,,-1,1,0,0,0,0,0,
1042,M0102_A_OTO,设备2开超时报警,用户变量,IODisc,,,,,,,,,,以太网<192.168.10.11>,PLC1,S71500Tcp,S7-1500,0,否,1000,0,0,0,是,否,DB3.58.4,DB,3,BIT,读写,不记录,0,60,TEST.一期,0,0,,-1,1,0,0,0,0,0,
1043,M0102_A_OTC,设备2关超时报警,用户变量,IODisc,,,,,,,,,,以太网<192.168.10.11>,PLC1,S71500Tcp,S7-1500,0,否,1000,0,0,0,是,否,DB3.58.5,DB,3,BIT,读写,不记录,0,60,TEST.一期,0,0,,-1,1,0,0,0,0,0,
1044,M0102_V_T_PS,设备2动作时间,用户变量,IOShort,32767,-32767,32767,-32767,,无,否,0,,以太网<192.168.10.11>,PLC1,S71500Tcp,S7-1500,0,否,1000,0,0,0,是,否,DB3.60,DB,3,SHORT,只读,不记录,0,60,TEST.一期,0,0,,-1,1,0,0,0,0,0,
1045,M0102_V_ZIT,设备2开度反馈,用户变量,IOFloat,1000000000,-1000000000,1000000000,-1000000000,,无,否,0,,以太网<192.168.10.11>,PLC1,S71500Tcp,S7-1500,0,否,1000,0,0,0,是,否,DB3.62,DB,3,FLOAT,只读,不记录,0,60,TEST.一期,0,0,,-1,1,0,0,0,0,0,
1046,M0102_W_ZIT,设备2开度设定,用户变量,IOFloat,1000000000,-1000000000,1000000000,-1000000000,,无,否,0,,以太网<192.168.10.11>,PLC1,S71500Tcp,S7-1500,0,否,1000,0,0,0,是,否,DB3.66,DB,3,FLOAT,只读,不记录,0,60,TEST.一期,0,0,,-1,1,0,0,0,0,0,
1047,M0103_C_MAN,设备3手动按钮,用户变量,IODisc,,,,,,,,,,以太网<192.168.10.11>,PLC1,S71500Tcp,S7-1500,0,否,1000,0,0,0,是,否,DB3.100.0,DB,3,BIT,读写,不记录,0,60,TEST.一期,0,0,,-1,1,0,0,0,0,0,
1048,M0103_C_AUT,设备3自动按钮,用户变量,IODisc,,,,,,,,,,以太网<192.168.10.11>,PLC1,S71500Tcp,S7-1500,0,否,1000,0,0,0,是,否,DB3.100.1,DB,3,BIT,读写,不记录,0,60,TEST.一期,0,0,,-1,1,0,0,0,0,0,
1049,M0103_C_OP,设备3开阀按钮,用户变量,IODisc,,,,,,,,,,以太网<192.168.10.11>,PLC1,S71500Tcp,S7-1500,0,否,1000,0,0,0,是,否,DB3.100.2,DB,3,BIT,读写,不记录,0,60,TEST.一期,0,0,,-1,1,0,0,0,0,0,
1050,M0103_C_CL,设备3关阀按钮,用户变量,IODisc,,,,,,,,,,以太网<192.168.10.11>,PLC1,S71500Tcp,S7-1500,0,否,1000,0,0,0,是,否,DB3.100.3,DB,3,BIT,读写,不记录,0,60,TEST.一期,0,0,,-1,1,0,0,0,0,0,
1051,M0103_C_SP,设备3停止按钮,用户变量,IODisc,,,,,,,,,,以太网<192.168.10.11>,PLC1,S71500Tcp,S7-1500,0,否,1000,0,0,0,是,否,DB3.100.4,DB,3,BIT,读写,不记录,0,60,TEST.一期,0,0,,-1,1,0,0,0,0,0,
1052,M0103_C_RST,设备3复位按钮,用户变量,IODisc,,,,,,,,,,以太网<192.168.10.11>,PLC1,S71500Tcp,S7-1500,0,否,1000,0,0,0,是,否,DB3.100.5,DB,3,BIT,读写,不记录,0,60,TEST.一期,0,0,,-1,1,0,0,0,0,0,
1053,M0103_W_T_FLT,设备3超时设定(S),用户变量,IOShort,32767,-32767,32767,-32767,,无,否,0,,以太网<192.168.10.11>,PLC1,S71500Tcp,S7-1500,0,否,1000,0,0,0,是,否,DB3.102,DB,3,SHORT,只读,不记录,0,60,TEST.一期,0,0,,-1,1,0,0,0,0,0,
1054,M0103_S_REM,设备3就地/远程模式,用户变量,IODisc,,,,,,,,,,以太网<192.168.10.11>,PLC1,S71500Tcp,S7-1500,0,否,1000,0,0,0,是,否,DB3.104.0,DB,3,BIT,读写,不记录,0,60,TEST.一期,0,0,,-1,1,0,0,0,0,0,
1055,M0103_S_AUT,设备3手动/自动模式,用户变量,IODisc,,,,,,,,,,以太网<192.168.10.11>,PLC1,S71500Tcp,S7-1500,0,否,1000,0,0,0,是,否,DB3.104.1,DB,3,BIT,读写,不记录,0,60,TEST.一期,0,0,,-1,1,0,0,0,0,0,
1056,M0103_S_ZIO,设备3全开状态,用户变量,IODisc,,,,,,,,,,以太网<192.168.10.11>,PLC1,S71500Tcp,S7-1500,0,否,1000,0,0,0,是,否,DB3.104.2,DB,3,BIT,读写,不记录,0,60,TEST.一期,0,0,,-1,1,0,0,0,0,0,
1057,M0103_S_ZIC,设备3全关状态,用户变量,IODisc,,,,,,,,,,以太网<192.168.10.11>,PLC1,S71500Tcp,S7-1500,0,否,1000,0,0,0,是,否,DB3.104.3,DB,3,BIT,读写,不记录,0,60,TEST.一期,0,0,,-1,1,0,0,0,0,0,
1058,M0103_S_PSO,设备3开过程状态,用户变量,IODisc,,,,,,,,,,以太网<192.168.10.11>,PLC1,S71500Tcp,S7-1500,0,否,1000,0,0,0,是,否,DB3.104.4,DB,3,BIT,读写,不记录,0,60,TEST.一期,0,0,,-1,1,0,0,0,0,0,
1059,M0103_S_PSC,设备3关过程状态,用户变量,IODisc,,,,,,,,,,以太网<192.168.10.11>,PLC1,S71500Tcp,S7-1500,0,否,1000,0,0,0,是,否,DB3.104.5,DB,3,BIT,读写,不记录,0,60,TEST.一期,0,0,,-1,1,0,0,0,0,0,
1060,M0103_V_SW,设备3状态字,用户变量,IOShort,32767,-32767,32767,-32767,,无,否,0,,以太网<192.168.10.11>,PLC1,S71500Tcp,S7-1500,0,否,1000,0,0,0,是,否,DB3.106,DB,3,SHORT,只读,不记录,0,60,TEST.一期,0,0,,-1,1,0,0,0,0,0,
1061,M0103_A_TFLT,设备3综合故障,用户变量,IODisc,,,,,,,,,,以太网<192.168.10.11>,PLC1,S71500Tcp,S7-1500,0,否,1000,0,0,0,是,否,DB3.108.0,DB,3,BIT,读写,不记录,0,60,TEST.一期,0,0,,-1,1,0,0,0,0,0,
1062,M0103_A_FLT,设备3故障信号,用户变量,IODisc,,,,,,,,,,以太网<192.168.10.11>,PLC1,S71500Tcp,S7-1500,0,否,1000,0,0,0,是,否,DB3.108.1,DB,3,BIT,读写,不记录,0,60,TEST.一期,0,0,,-1,1,0,0,0,0,0,
1063,M0103_A_OLO,设备3开过扭信号,用户变量,IODisc,,,,,,,,,,以太网<192.168.10.11>,PLC1,S71500Tcp,S7-1500,0,否,1000,0,0,0,是,否,DB3.108.2,DB,3,BIT,读写,不记录,0,60,TEST.一期,0,0,,-1,1,0,0,0,0,0,
1064,M0103_A_OLC,设备3关过扭信号,用户变量,IODisc,,,,,,,,,,以太网<192.168.10.11>,PLC1,S71500Tcp,S7-1500,0,否,1000,0,0,0,是,否,DB3.108.3,DB,3,BIT,读写,不记录,0,60,TEST.一期,0,0,,-1,1,0,0,0,0,0,
1065,M0103_A_OTO,设备3开超时报警,用户变量,IODisc,,,,,,,,,,以太网<192.168.10.11>,PLC1,S71500Tcp,S7-1500,0,否,1000,0,0,0,是,否,DB3.108.4,DB,3,BIT,读写,不记录,0,60,TEST.一期,0,0,,-1,1,0,0,0,0,0,
1066,M0103_A_OTC,设备3关超时报警,用户变量,IODisc,,,,,,,,,,以太网<192.168.10.11>,PLC1,S71500Tcp,S7-1500,0,否,1000,0,0,0,是,否,DB3.108.5,DB,3,BIT,读写,不记录,0,60,TEST.一期,0,0,,-1,1,0,0,0,0,0,
1067,M0103_V_T_PS,设备3动作时间,用户变量,IOShort,32767,-32767,32767,-32767,,无,否,0,,以太网<192.168.10.11>,PLC1,S71500Tcp,S7-1500,0,否,1000,0,0,0,是,否,DB3.110,DB,3,SHORT,只读,不记录,0,60,TEST.一期,0,0,,-1,1,0,0,0,0,0,
1068,M0103_V_ZIT,设备3开度反馈,用户变量,IOFloat,1000000000,-1000000000,1000000000,-1000000000,,无,否,0,,以太网<192.168.10.11>,PLC1,S71500Tcp,S7-1500,0,否,1000,0,0,0,是,否,DB3.112,DB,3,FLOAT,只读,不记录,0,60,TEST.一期,0,0,,-1,1,0,0,0,0,0,
1069,M0103_W_ZIT,设备3开度设定,用户变量,IOFloat,1000000000,-1000000000,1000000000,-1000000000,,无,否,0,,以太网<192.168.10.11>,PLC1,S71500Tcp,S7-1500,0,否,1000,0,0,0,是,否,DB3.116,DB,3,FLOAT,只读,不记录,0,60,TEST.一期,0,0,,-1,1,0,0,0,0,0,
1070,M0104_C_MAN,设备4手动按钮,用户变量,IODisc,,,,,,,,,,以太网<192.168.10.11>,PLC1,S71500Tcp,S7-1500,0,否,1000,0,0,0,是,否,DB3.150.0,DB,3,BIT,读写,不记录,0,60,TEST.一期,0,0,,-1,1,0,0,0,0,0,
1071,M0104_C_AUT,设备4自动按钮,用户变量,IODisc,,,,,,,,,,以太网<192.168.10.11>,PLC1,S71500Tcp,S7-1500,0,否,1000,0,0,0,是,否,DB3.150.1,DB,3,BIT,读写,不记录,0,60,TEST.一期,0,0,,-1,1,0,0,0,0,0,
1072,M0104_C_OP,设备4开阀按钮,用户变量,IODisc,,,,,,,,,,以太网<192.168.10.11>,PLC1,S71500Tcp,S7-1500,0,否,1000,0,0,0,是,否,DB3.150.2,DB,3,BIT,读写,不记录,0,60,TEST.一期,0,0,,-1,1,0,0,0,0,0,
1073,M0104_C_CL,设备4关阀按钮,用户变量,IODisc,,,,,,,,,,以太网<192.168.10.11>,PLC1,S71500Tcp,S7-1500,0,否,1000,0,0,0,是,否,DB3.150.3,DB,3,BIT,读写,不记录,0,60,TEST.一期,0,0,,-1,1,0,0,0,0,0,
1074,M0104_C_SP,设备4停止按钮,用户变量,IODisc,,,,,,,,,,以太网<192.168.10.11>,PLC1,S71500Tcp,S7-1500,0,否,1000,0,0,0,是,否,DB3.150.4,DB,3,BIT,读写,不记录,0,60,TEST.一期,0,0,,-1,1,0,0,0,0,0,
1075,M0104_C_RST,设备4复位按钮,用户变量,IODisc,,,,,,,,,,以太网<192.168.10.11>,PLC1,S71500Tcp,S7-1500,0,否,1000,0,0,0,是,否,DB3.150.5,DB,3,BIT,读写,不记录,0,60,TEST.一期,0,0,,-1,1,0,0,0,0,0,
1076,M0104_W_T_FLT,设备4超时设定(S),用户变量,IOShort,32767,-32767,32767,-32767,,无,否,0,,以太网<192.168.10.11>,PLC1,S71500Tcp,S7-1500,0,否,1000,0,0,0,是,否,DB3.152,DB,3,SHORT,只读,不记录,0,60,TEST.一期,0,0,,-1,1,0,0,0,0,0,
1077,M0104_S_REM,设备4就地/远程模式,用户变量,IODisc,,,,,,,,,,以太网<192.168.10.11>,PLC1,S71500Tcp,S7-1500,0,否,1000,0,0,0,是,否,DB3.154.0,DB,3,BIT,读写,不记录,0,60,TEST.一期,0,0,,-1,1,0,0,0,0,0,
1078,M0104_S_AUT,设备4手动/自动模式,用户变量,IODisc,,,,,,,,,,以太网<192.168.10.11>,PLC1,S71500Tcp,S7-1500,0,否,1000,0,0,0,是,否,DB3.154.1,DB,3,BIT,读写,不记录,0,60,TEST.一期,0,0,,-1,1,0,0,0,0,0,
1079,M0104_S_ZIO,设备4全开状态,用户变量,IODisc,,,,,,,,,,以太网<192.168.10.11>,PLC1,S71500Tcp,S7-1500,0,否,1000,0,0,0,是,否,DB3.154.2,DB,3,BIT,读写,不记录,0,60,TEST.一期,0,0,,-1,1,0,0,0,0,0,
1080,M0104_S_ZIC,设备4全关状态,用户变量,IODisc,,,,,,,,,,以太网<192.168.10.11>,PLC1,S71500Tcp,S7-1500,0,否,1000,0,0,0,是,否,DB3.154.3,DB,3,BIT,读写,不记录,0,60,TEST.一期,0,0,,-1,1,0,0,0,0,0,
1081,M0104_S_PSO,设备4开过程状态,用户变量,IODisc,,,,,,,,,,以太网<192.168.10.11>,PLC1,S71500Tcp,S7-1500,0,否,1000,0,0,0,是,否,DB3.154.4,DB,3,BIT,读写,不记录,0,60,TEST.一期,0,0,,-1,1,0,0,0,0,0,
1082,M0104_S_PSC,设备4关过程状态,用户变量,IODisc,,,,,,,,,,以太网<192.168.10.11>,PLC1,S71500Tcp,S7-1500,0,否,1000,0,0,0,是,否,DB3.154.5,DB,3,BIT,读写,不记录,0,60,TEST.一期,0,0,,-1,1,0,0,0,0,0,
1083,M0104_V_SW,设备4状态字,用户变量,IOShort,32767,-32767,32767,-32767,,无,否,0,,以太网<192.168.10.11>,PLC1,S71500Tcp,S7-1500,0,否,1000,0,0,0,是,否,DB3.156,DB,3,SHORT,只读,不记录,0,60,TEST.一期,0,0,,-1,1,0,0,0,0,0,
1084,M0104_A_TFLT,设备4综合故障,用户变量,IODisc,,,,,,,,,,以太网<192.168.10.11>,PLC1,S71500Tcp,S7-1500,0,否,1000,0,0,0,是,否,DB3.158.0,DB,3,BIT,读写,不记录,0,60,TEST.一期,0,0,,-1,1,0,0,0,0,0,
1085,M0104_A_FLT,设备4故障信号,用户变量,IODisc,,,,,,,,,,以太网<192.168.10.11>,PLC1,S71500Tcp,S7-1500,0,否,1000,0,0,0,是,否,DB3.158.1,DB,3,BIT,读写,不记录,0,60,TEST.一期,0,0,,-1,1,0,0,0,0,0,
1086,M0104_A_OLO,设备4开过扭信号,用户变量,IODisc,,,,,,,,,,以太网<192.168.10.11>,PLC1,S71500Tcp,S7-1500,0,否,1000,0,0,0,是,否,DB3.158.2,DB,3,BIT,读写,不记录,0,60,TEST.一期,0,0,,-1,1,0,0,0,0,0,
1087,M0104_A_OLC,设备4关过扭信号,用户变量,IODisc,,,,,,,,,,以太网<192.168.10.11>,PLC1,S71500Tcp,S7-1500,0,否,1000,0,0,0,是,否,DB3.158.3,DB,3,BIT,读写,不记录,0,60,TEST.一期,0,0,,-1,1,0,0,0,0,0,
1088,M0104_A_OTO,设备4开超时报警,用户变量,IODisc,,,,,,,,,,以太网<192.168.10.11>,PLC1,S71500Tcp,S7-1500,0,否,1000,0,0,0,是,否,DB3.158.4,DB,3,BIT,读写,不记录,0,60,TEST.一期,0,0,,-1,1,0,0,0,0,0,
1089,M0104_A_OTC,设备4关超时报警,用户变量,IODisc,,,,,,,,,,以太网<192.168.10.11>,PLC1,S71500Tcp,S7-1500,0,否,1000,0,0,0,是,否,DB3.158.5,DB,3,BIT,读写,不记录,0,60,TEST.一期,0,0,,-1,1,0,0,0,0,0,
1090,M0104_V_T_PS,设备4动作时间,用户变量,IOShort,32767,-32767,32767,-32767,,无,否,0,,以太网<192.168.10.11>,PLC1,S71500Tcp,S7-1500,0,否,1000,0,0,0,是,否,DB3.160,DB,3,SHORT,只读,不记录,0,60,TEST.一期,0,0,,-1,1,0,0,0,0,0,
1091,M0104_V_ZIT,设备4开度反馈,用户变量,IOFloat,1000000000,-1000000000,1000000000,-1000000000,,无,否,0,,以太网<192.168.10.11>,PLC1,S71500Tcp,S7-1500,0,否,1000,0,0,0,是,否,DB3.162,DB,3,FLOAT,只读,不记录,0,60,TEST.一期,0,0,,-1,1,0,0,0,0,0,
1092,M0104_W_ZIT,设备4开度设定,用户变量,IOFloat,1000000000,-1000000000,1000000000,-1000000000,,无,否,0,,以太网<192.168.10.11>,PLC1,S71500Tcp,S7-1500,0,否,1000,0,0,0,是,否,DB3.166,DB,3,FLOAT,只读,不记录,0,60,TEST.一期,0,0,,-1,1,0,0,0,0,0,
1093,M0105_C_MAN,设备5手动按钮,用户变量,IODisc,,,,,,,,,,以太网<192.168.10.11>,PLC1,S71500Tcp,S7-1500,0,否,1000,0,0,0,是,否,DB3.200.0,DB,3,BIT,读写,不记录,0,60,TEST.一期,0,0,,-1,1,0,0,0,0,0,
1094,M0105_C_AUT,设备5自动按钮,用户变量,IODisc,,,,,,,,,,以太网<192.168.10.11>,PLC1,S71500Tcp,S7-1500,0,否,1000,0,0,0,是,否,DB3.200.1,DB,3,BIT,读写,不记录,0,60,TEST.一期,0,0,,-1,1,0,0,0,0,0,
1095,M0105_C_OP,设备5开阀按钮,用户变量,IODisc,,,,,,,,,,以太网<192.168.10.11>,PLC1,S71500Tcp,S7-1500,0,否,1000,0,0,0,是,否,DB3.200.2,DB,3,BIT,读写,不记录,0,60,TEST.一期,0,0,,-1,1,0,0,0,0,0,
1096,M0105_C_CL,设备5关阀按钮,用户变量,IODisc,,,,,,,,,,以太网<192.168.10.11>,PLC1,S71500Tcp,S7-1500,0,否,1000,0,0,0,是,否,DB3.200.3,DB,3,BIT,读写,不记录,0,60,TEST.一期,0,0,,-1,1,0,0,0,0,0,
1097,M0105_C_SP,设备5停止按钮,用户变量,IODisc,,,,,,,,,,以太网<192.168.10.11>,PLC1,S71500Tcp,S7-1500,0,否,1000,0,0,0,是,否,DB3.200.4,DB,3,BIT,读写,不记录,0,60,TEST.一期,0,0,,-1,1,0,0,0,0,0,
1098,M0105_C_RST,设备5复位按钮,用户变量,IODisc,,,,,,,,,,以太网<192.168.10.11>,PLC1,S71500Tcp,S7-1500,0,否,1000,0,0,0,是,否,DB3.200.5,DB,3,BIT,读写,不记录,0,60,TEST.一期,0,0,,-1,1,0,0,0,0,0,
1099,M0105_W_T_FLT,设备5超时设定(S),用户变量,IOShort,32767,-32767,32767,-32767,,无,否,0,,以太网<192.168.10.11>,PLC1,S71500Tcp,S7-1500,0,否,1000,0,0,0,是,否,DB3.202,DB,3,SHORT,只读,不记录,0,60,TEST.一期,0,0,,-1,1,0,0,0,0,0,
1100,M0105_S_REM,设备5就地/远程模式,用户变量,IODisc,,,,,,,,,,以太网<192.168.10.11>,PLC1,S71500Tcp,S7-1500,0,否,1000,0,0,0,是,否,DB3.204.0,DB,3,BIT,读写,不记录,0,60,TEST.一期,0,0,,-1,1,0,0,0,0,0,
1101,M0105_S_AUT,设备5手动/自动模式,用户变量,IODisc,,,,,,,,,,以太网<192.168.10.11>,PLC1,S71500Tcp,S7-1500,0,否,1000,0,0,0,是,否,DB3.204.1,DB,3,BIT,读写,不记录,0,60,TEST.一期,0,0,,-1,1,0,0,0,0,0,
1102,M0105_S_ZIO,设备5全开状态,用户变量,IODisc,,,,,,,,,,以太网<192.168.10.11>,PLC1,S71500Tcp,S7-1500,0,否,1000,0,0,0,是,否,DB3.204.2,DB,3,BIT,读写,不记录,0,60,TEST.一期,0,0,,-1,1,0,0,0,0,0,
1103,M0105_S_ZIC,设备5全关状态,用户变量,IODisc,,,,,,,,,,以太网<192.168.10.11>,PLC1,S71500Tcp,S7-1500,0,否,1000,0,0,0,是,否,DB3.204.3,DB,3,BIT,读写,不记录,0,60,TEST.一期,0,0,,-1,1,0,0,0,0,0,
1104,M0105_S_PSO,设备5开过程状态,用户变量,IODisc,,,,,,,,,,以太网<192.168.10.11>,PLC1,S71500Tcp,S7-1500,0,否,1000,0,0,0,是,否,DB3.204.4,DB,3,BIT,读写,不记录,0,60,TEST.一期,0,0,,-1,1,0,0,0,0,0,
1105,M0105_S_PSC,设备5关过程状态,用户变量,IODisc,,,,,,,,,,以太网<192.168.10.11>,PLC1,S71500Tcp,S7-1500,0,否,1000,0,0,0,是,否,DB3.204.5,DB,3,BIT,读写,不记录,0,60,TEST.一期,0,0,,-1,1,0,0,0,0,0,
1106,M0105_V_SW,设备5状态字,用户变量,IOShort,32767,-32767,32767,-32767,,无,否,0,,以太网<192.168.10.11>,PLC1,S71500Tcp,S7-1500,0,否,1000,0,0,0,是,否,DB3.206,DB,3,SHORT,只读,不记录,0,60,TEST.一期,0,0,,-1,1,0,0,0,0,0,
1107,M0105_A_TFLT,设备5综合故障,用户变量,IODisc,,,,,,,,,,以太网<192.168.10.11>,PLC1,S71500Tcp,S7-1500,0,否,1000,0,0,0,是,否,DB3.208.0,DB,3,BIT,读写,不记录,0,60,TEST.一期,0,0,,-1,1,0,0,0,0,0,
1108,M0105_A_FLT,设备5故障信号,用户变量,IODisc,,,,,,,,,,以太网<192.168.10.11>,PLC1,S71500Tcp,S7-1500,0,否,1000,0,0,0,是,否,DB3.208.1,DB,3,BIT,读写,不记录,0,60,TEST.一期,0,0,,-1,1,0,0,0,0,0,
1109,M0105_A_OLO,设备5开过扭信号,用户变量,IODisc,,,,,,,,,,以太网<192.168.10.11>,PLC1,S71500Tcp,S7-1500,0,否,1000,0,0,0,是,否,DB3.208.2,DB,3,BIT,读写,不记录,0,60,TEST.一期,0,0,,-1,1,0,0,0,0,0,
1110,M0105_A_OLC,设备5关过扭信号,用户变量,IODisc,,,,,,,,,,以太网<192.168.10.11>,PLC1,S71500Tcp,S7-1500,0,否,1000,0,0,0,是,否,DB3.208.3,DB,3,BIT,读写,不记录,0,60,TEST.一期,0,0,,-1,1,0,0,0,0,0,
1111,M0105_A_OTO,设备5开超时报警,用户变量,IODisc,,,,,,,,,,以太网<192.168.10.11>,PLC1,S71500Tcp,S7-1500,0,否,1000,0,0,0,是,否,DB3.208.4,DB,3,BIT,读写,不记录,0,60,TEST.一期,0,0,,-1,1,0,0,0,0,0,
1112,M0105_A_OTC,设备5关超时报警,用户变量,IODisc,,,,,,,,,,以太网<192.168.10.11>,PLC1,S71500Tcp,S7-1500,0,否,1000,0,0,0,是,否,DB3.208.5,DB,3,BIT,读写,不记录,0,60,TEST.一期,0,0,,-1,1,0,0,0,0,0,
1113,M0105_V_T_PS,设备5动作时间,用户变量,IOShort,32767,-32767,32767,-32767,,无,否,0,,以太网<192.168.10.11>,PLC1,S71500Tcp,S7-1500,0,否,1000,0,0,0,是,否,DB3.210,DB,3,SHORT,只读,不记录,0,60,TEST.一期,0,0,,-1,1,0,0,0,0,0,
1114,M0105_V_ZIT,设备5开度反馈,用户变量,IOFloat,1000000000,-1000000000,1000000000,-1000000000,,无,否,0,,以太网<192.168.10.11>,PLC1,S71500Tcp,S7-1500,0,否,1000,0,0,0,是,否,DB3.212,DB,3,FLOAT,只读,不记录,0,60,TEST.一期,0,0,,-1,1,0,0,0,0,0,
1115,M0105_W_ZIT,设备5开度设定,用户变量,IOFloat,1000000000,-1000000000,1000000000,-1000000000,,无,否,0,,以太网<192.168.10.11>,PLC1,S71500Tcp,S7-1500,0,否,1000,0,0,0,是,否,DB3.216,DB,3,FLOAT,只读,不记录,0,60,TEST.一期,0,0,,-1,1,0,0,0,0,0,
1116,M0106_C_MAN,设备6手动按钮,用户变量,IODisc,,,,,,,,,,以太网<192.168.10.11>,PLC1,S71500Tcp,S7-1500,0,否,1000,0,0,0,是,否,DB3.250.0,DB,3,BIT,读写,不记录,0,60,TEST.一期,0,0,,-1,1,0,0,0,0,0,
1117,M0106_C_AUT,设备6自动按钮,用户变量,IODisc,,,,,,,,,,以太网<192.168.10.11>,PLC1,S71500Tcp,S7-1500,0,否,1000,0,0,0,是,否,DB3.250.1,DB,3,BIT,读写,不记录,0,60,TEST.一期,0,0,,-1,1,0,0,0,0,0,
1118,M0106_C_OP,设备6开阀按钮,用户变量,IODisc,,,,,,,,,,以太网<192.168.10.11>,PLC1,S71500Tcp,S7-1500,0,否,1000,0,0,0,是,否,DB3.250.2,DB,3,BIT,读写,不记录,0,60,TEST.一期,0,0,,-1,1,0,0,0,0,0,
1119,M0106_C_CL,设备6关阀按钮,用户变量,IODisc,,,,,,,,,,以太网<192.168.10.11>,PLC1,S71500Tcp,S7-1500,0,否,1000,0,0,0,是,否,DB3.250.3,DB,3,BIT,读写,不记录,0,60,TEST.一期,0,0,,-1,1,0,0,0,0,0,
1120,M0106_C_SP,设备6停止按钮,用户变量,IODisc,,,,,,,,,,以太网<192.168.10.11>,PLC1,S71500Tcp,S7-1500,0,否,1000,0,0,0,是,否,DB3.250.4,DB,3,BIT,读写,不记录,0,60,TEST.一期,0,0,,-1,1,0,0,0,0,0,
1121,M0106_C_RST,设备6复位按钮,用户变量,IODisc,,,,,,,,,,以太网<192.168.10.11>,PLC1,S71500Tcp,S7-1500,0,否,1000,0,0,0,是,否,DB3.250.5,DB,3,BIT,读写,不记录,0,60,TEST.一期,0,0,,-1,1,0,0,0,0,0,
1122,M0106_W_T_FLT,设备6超时设定(S),用户变量,IOShort,32767,-32767,32767,-32767,,无,否,0,,以太网<192.168.10.11>,PLC1,S71500Tcp,S7-1500,0,否,1000,0,0,0,是,否,DB3.252,DB,3,SHORT,只读,不记录,0,60,TEST.一期,0,0,,-1,1,0,0,0,0,0,
1123,M0106_S_REM,设备6就地/远程模式,用户变量,IODisc,,,,,,,,,,以太网<192.168.10.11>,PLC1,S71500Tcp,S7-1500,0,否,1000,0,0,0,是,否,DB3.254.0,DB,3,BIT,读写,不记录,0,60,TEST.一期,0,0,,-1,1,0,0,0,0,0,
1124,M0106_S_AUT,设备6手动/自动模式,用户变量,IODisc,,,,,,,,,,以太网<192.168.10.11>,PLC1,S71500Tcp,S7-1500,0,否,1000,0,0,0,是,否,DB3.254.1,DB,3,BIT,读写,不记录,0,60,TEST.一期,0,0,,-1,1,0,0,0,0,0,
1125,M0106_S_ZIO,设备6全开状态,用户变量,IODisc,,,,,,,,,,以太网<192.168.10.11>,PLC1,S71500Tcp,S7-1500,0,否,1000,0,0,0,是,否,DB3.254.2,DB,3,BIT,读写,不记录,0,60,TEST.一期,0,0,,-1,1,0,0,0,0,0,
1126,M0106_S_ZIC,设备6全关状态,用户变量,IODisc,,,,,,,,,,以太网<192.168.10.11>,PLC1,S71500Tcp,S7-1500,0,否,1000,0,0,0,是,否,DB3.254.3,DB,3,BIT,读写,不记录,0,60,TEST.一期,0,0,,-1,1,0,0,0,0,0,
1127,M0106_S_PSO,设备6开过程状态,用户变量,IODisc,,,,,,,,,,以太网<192.168.10.11>,PLC1,S71500Tcp,S7-1500,0,否,1000,0,0,0,是,否,DB3.254.4,DB,3,BIT,读写,不记录,0,60,TEST.一期,0,0,,-1,1,0,0,0,0,0,
1128,M0106_S_PSC,设备6关过程状态,用户变量,IODisc,,,,,,,,,,以太网<192.168.10.11>,PLC1,S71500Tcp,S7-1500,0,否,1000,0,0,0,是,否,DB3.254.5,DB,3,BIT,读写,不记录,0,60,TEST.一期,0,0,,-1,1,0,0,0,0,0,
1129,M0106_V_SW,设备6状态字,用户变量,IOShort,32767,-32767,32767,-32767,,无,否,0,,以太网<192.168.10.11>,PLC1,S71500Tcp,S7-1500,0,否,1000,0,0,0,是,否,DB3.256,DB,3,SHORT,只读,不记录,0,60,TEST.一期,0,0,,-1,1,0,0,0,0,0,
1130,M0106_A_TFLT,设备6综合故障,用户变量,IODisc,,,,,,,,,,以太网<192.168.10.11>,PLC1,S71500Tcp,S7-1500,0,否,1000,0,0,0,是,否,DB3.258.0,DB,3,BIT,读写,不记录,0,60,TEST.一期,0,0,,-1,1,0,0,0,0,0,
1131,M0106_A_FLT,设备6故障信号,用户变量,IODisc,,,,,,,,,,以太网<192.168.10.11>,PLC1,S71500Tcp,S7-1500,0,否,1000,0,0,0,是,否,DB3.258.1,DB,3,BIT,读写,不记录,0,60,TEST.一期,0,0,,-1,1,0,0,0,0,0,
1132,M0106_A_OLO,设备6开过扭信号,用户变量,IODisc,,,,,,,,,,以太网<192.168.10.11>,PLC1,S71500Tcp,S7-1500,0,否,1000,0,0,0,是,否,DB3.258.2,DB,3,BIT,读写,不记录,0,60,TEST.一期,0,0,,-1,1,0,0,0,0,0,
1133,M0106_A_OLC,设备6关过扭信号,用户变量,IODisc,,,,,,,,,,以太网<192.168.10.11>,PLC1,S71500Tcp,S7-1500,0,否,1000,0,0,0,是,否,DB3.258.3,DB,3,BIT,读写,不记录,0,60,TEST.一期,0,0,,-1,1,0,0,0,0,0,
1134,M0106_A_OTO,设备6开超时报警,用户变量,IODisc,,,,,,,,,,以太网<192.168.10.11>,PLC1,S71500Tcp,S7-1500,0,否,1000,0,0,0,是,否,DB3.258.4,DB,3,BIT,读写,不记录,0,60,TEST.一期,0,0,,-1,1,0,0,0,0,0,
1135,M0106_A_OTC,设备6关超时报警,用户变量,IODisc,,,,,,,,,,以太网<192.168.10.11>,PLC1,S71500Tcp,S7-1500,0,否,1000,0,0,0,是,否,DB3.258.5,DB,3,BIT,读写,不记录,0,60,TEST.一期,0,0,,-1,1,0,0,0,0,0,
1136,M0106_V_T_PS,设备6动作时间,用户变量,IOShort,32767,-32767,32767,-32767,,无,否,0,,以太网<192.168.10.11>,PLC1,S71500Tcp,S7-1500,0,否,1000,0,0,0,是,否,DB3.260,DB,3,SHORT,只读,不记录,0,60,TEST.一期,0,0,,-1,1,0,0,0,0,0,
1137,M0106_V_ZIT,设备6开度反馈,用户变量,IOFloat,1000000000,-1000000000,1000000000,-1000000000,,无,否,0,,以太网<192.168.10.11>,PLC1,S71500Tcp,S7-1500,0,否,1000,0,0,0,是,否,DB3.262,DB,3,FLOAT,只读,不记录,0,60,TEST.一期,0,0,,-1,1,0,0,0,0,0,
1138,M0106_W_ZIT,设备6开度设定,用户变量,IOFloat,1000000000,-1000000000,1000000000,-1000000000,,无,否,0,,以太网<192.168.10.11>,PLC1,S71500Tcp,S7-1500,0,否,1000,0,0,0,是,否,DB3.266,DB,3,FLOAT,只读,不记录,0,60,TEST.一期,0,0,,-1,1,0,0,0,0,0,
1139,M0107_C_MAN,设备7手动按钮,用户变量,IODisc,,,,,,,,,,以太网<192.168.10.11>,PLC1,S71500Tcp,S7-1500,0,否,1000,0,0,0,是,否,DB3.300.0,DB,3,BIT,读写,不记录,0,60,TEST.一期,0,0,,-1,1,0,0,0,0,0,
1140,M0107_C_AUT,设备7自动按钮,用户变量,IODisc,,,,,,,,,,以太网<192.168.10.11>,PLC1,S71500Tcp,S7-1500,0,否,1000,0,0,0,是,否,DB3.300.1,DB,3,BIT,读写,不记录,0,60,TEST.一期,0,0,,-1,1,0,0,0,0,0,
1141,M0107_C_OP,设备7开阀按钮,用户变量,IODisc,,,,,,,,,,以太网<192.168.10.11>,PLC1,S71500Tcp,S7-1500,0,否,1000,0,0,0,是,否,DB3.300.2,DB,3,BIT,读写,不记录,0,60,TEST.一期,0,0,,-1,1,0,0,0,0,0,
1142,M0107_C_CL,设备7关阀按钮,用户变量,IODisc,,,,,,,,,,以太网<192.168.10.11>,PLC1,S71500Tcp,S7-1500,0,否,1000,0,0,0,是,否,DB3.300.3,DB,3,BIT,读写,不记录,0,60,TEST.一期,0,0,,-1,1,0,0,0,0,0,
1143,M0107_C_SP,设备7停止按钮,用户变量,IODisc,,,,,,,,,,以太网<192.168.10.11>,PLC1,S71500Tcp,S7-1500,0,否,1000,0,0,0,是,否,DB3.300.4,DB,3,BIT,读写,不记录,0,60,TEST.一期,0,0,,-1,1,0,0,0,0,0,
1144,M0107_C_RST,设备7复位按钮,用户变量,IODisc,,,,,,,,,,以太网<192.168.10.11>,PLC1,S71500Tcp,S7-1500,0,否,1000,0,0,0,是,否,DB3.300.5,DB,3,BIT,读写,不记录,0,60,TEST.一期,0,0,,-1,1,0,0,0,0,0,
1145,M0107_W_T_FLT,设备7超时设定(S),用户变量,IOShort,32767,-32767,32767,-32767,,无,否,0,,以太网<192.168.10.11>,PLC1,S71500Tcp,S7-1500,0,否,1000,0,0,0,是,否,DB3.302,DB,3,SHORT,只读,不记录,0,60,TEST.一期,0,0,,-1,1,0,0,0,0,0,
1146,M0107_S_REM,设备7就地/远程模式,用户变量,IODisc,,,,,,,,,,以太网<192.168.10.11>,PLC1,S71500Tcp,S7-1500,0,否,1000,0,0,0,是,否,DB3.304.0,DB,3,BIT,读写,不记录,0,60,TEST.一期,0,0,,-1,1,0,0,0,0,0,
1147,M0107_S_AUT,设备7手动/自动模式,用户变量,IODisc,,,,,,,,,,以太网<192.168.10.11>,PLC1,S71500Tcp,S7-1500,0,否,1000,0,0,0,是,否,DB3.304.1,DB,3,BIT,读写,不记录,0,60,TEST.一期,0,0,,-1,1,0,0,0,0,0,
1148,M0107_S_ZIO,设备7全开状态,用户变量,IODisc,,,,,,,,,,以太网<192.168.10.11>,PLC1,S71500Tcp,S7-1500,0,否,1000,0,0,0,是,否,DB3.304.2,DB,3,BIT,读写,不记录,0,60,TEST.一期,0,0,,-1,1,0,0,0,0,0,
1149,M0107_S_ZIC,设备7全关状态,用户变量,IODisc,,,,,,,,,,以太网<192.168.10.11>,PLC1,S71500Tcp,S7-1500,0,否,1000,0,0,0,是,否,DB3.304.3,DB,3,BIT,读写,不记录,0,60,TEST.一期,0,0,,-1,1,0,0,0,0,0,
1150,M0107_S_PSO,设备7开过程状态,用户变量,IODisc,,,,,,,,,,以太网<192.168.10.11>,PLC1,S71500Tcp,S7-1500,0,否,1000,0,0,0,是,否,DB3.304.4,DB,3,BIT,读写,不记录,0,60,TEST.一期,0,0,,-1,1,0,0,0,0,0,
1151,M0107_S_PSC,设备7关过程状态,用户变量,IODisc,,,,,,,,,,以太网<192.168.10.11>,PLC1,S71500Tcp,S7-1500,0,否,1000,0,0,0,是,否,DB3.304.5,DB,3,BIT,读写,不记录,0,60,TEST.一期,0,0,,-1,1,0,0,0,0,0,
1152,M0107_V_SW,设备7状态字,用户变量,IOShort,32767,-32767,32767,-32767,,无,否,0,,以太网<192.168.10.11>,PLC1,S71500Tcp,S7-1500,0,否,1000,0,0,0,是,否,DB3.306,DB,3,SHORT,只读,不记录,0,60,TEST.一期,0,0,,-1,1,0,0,0,0,0,
1153,M0107_A_TFLT,设备7综合故障,用户变量,IODisc,,,,,,,,,,以太网<192.168.10.11>,PLC1,S71500Tcp,S7-1500,0,否,1000,0,0,0,是,否,DB3.308.0,DB,3,BIT,读写,不记录,0,60,TEST.一期,0,0,,-1,1,0,0,0,0,0,
1154,M0107_A_FLT,设备7故障信号,用户变量,IODisc,,,,,,,,,,以太网<192.168.10.11>,PLC1,S71500Tcp,S7-1500,0,否,1000,0,0,0,是,否,DB3.308.1,DB,3,BIT,读写,不记录,0,60,TEST.一期,0,0,,-1,1,0,0,0,0,0,
1155,M0107_A_OLO,设备7开过扭信号,用户变量,IODisc,,,,,,,,,,以太网<192.168.10.11>,PLC1,S71500Tcp,S7-1500,0,否,1000,0,0,0,是,否,DB3.308.2,DB,3,BIT,读写,不记录,0,60,TEST.一期,0,0,,-1,1,0,0,0,0,0,
1156,M0107_A_OLC,设备7关过扭信号,用户变量,IODisc,,,,,,,,,,以太网<192.168.10.11>,PLC1,S71500Tcp,S7-1500,0,否,1000,0,0,0,是,否,DB3.308.3,DB,3,BIT,读写,不记录,0,60,TEST.一期,0,0,,-1,1,0,0,0,0,0,
1157,M0107_A_OTO,设备7开超时报警,用户变量,IODisc,,,,,,,,,,以太网<192.168.10.11>,PLC1,S71500Tcp,S7-1500,0,否,1000,0,0,0,是,否,DB3.308.4,DB,3,BIT,读写,不记录,0,60,TEST.一期,0,0,,-1,1,0,0,0,0,0,
1158,M0107_A_OTC,设备7关超时报警,用户变量,IODisc,,,,,,,,,,以太网<192.168.10.11>,PLC1,S71500Tcp,S7-1500,0,否,1000,0,0,0,是,否,DB3.308.5,DB,3,BIT,读写,不记录,0,60,TEST.一期,0,0,,-1,1,0,0,0,0,0,
1159,M0107_V_T_PS,设备7动作时间,用户变量,IOShort,32767,-32767,32767,-32767,,无,否,0,,以太网<192.168.10.11>,PLC1,S71500Tcp,S7-1500,0,否,1000,0,0,0,是,否,DB3.310,DB,3,SHORT,只读,不记录,0,60,TEST.一期,0,0,,-1,1,0,0,0,0,0,
1160,M0107_V_ZIT,设备7开度反馈,用户变量,IOFloat,1000000000,-1000000000,1000000000,-1000000000,,无,否,0,,以太网<192.168.10.11>,PLC1,S71500Tcp,S7-1500,0,否,1000,0,0,0,是,否,DB3.312,DB,3,FLOAT,只读,不记录,0,60,TEST.一期,0,0,,-1,1,0,0,0,0,0,
1161,M0107_W_ZIT,设备7开度设定,用户变量,IOFloat,1000000000,-1000000000,1000000000,-1000000000,,无,否,0,,以太网<192.168.10.11>,PLC1,S71500Tcp,S7-1500,0,否,1000,0,0,0,是,否,DB3.316,DB,3,FLOAT,只读,不记录,0,60,TEST.一期,0,0,,-1,1,0,0,0,0,0,
1162,M0108_C_MAN,设备8手动按钮,用户变量,IODisc,,,,,,,,,,以太网<192.168.10.11>,PLC1,S71500Tcp,S7-1500,0,否,1000,0,0,0,是,否,DB3.350.0,DB,3,BIT,读写,不记录,0,60,TEST.一期,0,0,,-1,1,0,0,0,0,0,
1163,M0108_C_AUT,设备8自动按钮,用户变量,IODisc,,,,,,,,,,以太网<192.168.10.11>,PLC1,S71500Tcp,S7-1500,0,否,1000,0,0,0,是,否,DB3.350.1,DB,3,BIT,读写,不记录,0,60,TEST.一期,0,0,,-1,1,0,0,0,0,0,
1164,M0108_C_OP,设备8开阀按钮,用户变量,IODisc,,,,,,,,,,以太网<192.168.10.11>,PLC1,S71500Tcp,S7-1500,0,否,1000,0,0,0,是,否,DB3.350.2,DB,3,BIT,读写,不记录,0,60,TEST.一期,0,0,,-1,1,0,0,0,0,0,
1165,M0108_C_CL,设备8关阀按钮,用户变量,IODisc,,,,,,,,,,以太网<192.168.10.11>,PLC1,S71500Tcp,S7-1500,0,否,1000,0,0,0,是,否,DB3.350.3,DB,3,BIT,读写,不记录,0,60,TEST.一期,0,0,,-1,1,0,0,0,0,0,
1166,M0108_C_SP,设备8停止按钮,用户变量,IODisc,,,,,,,,,,以太网<192.168.10.11>,PLC1,S71500Tcp,S7-1500,0,否,1000,0,0,0,是,否,DB3.350.4,DB,3,BIT,读写,不记录,0,60,TEST.一期,0,0,,-1,1,0,0,0,0,0,
1167,M0108_C_RST,设备8复位按钮,用户变量,IODisc,,,,,,,,,,以太网<192.168.10.11>,PLC1,S71500Tcp,S7-1500,0,否,1000,0,0,0,是,否,DB3.350.5,DB,3,BIT,读写,不记录,0,60,TEST.一期,0,0,,-1,1,0,0,0,0,0,
1168,M0108_W_T_FLT,设备8超时设定(S),用户变量,IOShort,32767,-32767,32767,-32767,,无,否,0,,以太网<192.168.10.11>,PLC1,S71500Tcp,S7-1500,0,否,1000,0,0,0,是,否,DB3.352,DB,3,SHORT,只读,不记录,0,60,TEST.一期,0,0,,-1,1,0,0,0,0,0,
1169,M0108_S_REM,设备8就地/远程模式,用户变量,IODisc,,,,,,,,,,以太网<192.168.10.11>,PLC1,S71500Tcp,S7-1500,0,否,1000,0,0,0,是,否,DB3.354.0,DB,3,BIT,读写,不记录,0,60,TEST.一期,0,0,,-1,1,0,0,0,0,0,
1170,M0108_S_AUT,设备8手动/自动模式,用户变量,IODisc,,,,,,,,,,以太网<192.168.10.11>,PLC1,S71500Tcp,S7-1500,0,否,1000,0,0,0,是,否,DB3.354.1,DB,3,BIT,读写,不记录,0,60,TEST.一期,0,0,,-1,1,0,0,0,0,0,
1171,M0108_S_ZIO,设备8全开状态,用户变量,IODisc,,,,,,,,,,以太网<192.168.10.11>,PLC1,S71500Tcp,S7-1500,0,否,1000,0,0,0,是,否,DB3.354.2,DB,3,BIT,读写,不记录,0,60,TEST.一期,0,0,,-1,1,0,0,0,0,0,
1172,M0108_S_ZIC,设备8全关状态,用户变量,IODisc,,,,,,,,,,以太网<192.168.10.11>,PLC1,S71500Tcp,S7-1500,0,否,1000,0,0,0,是,否,DB3.354.3,DB,3,BIT,读写,不记录,0,60,TEST.一期,0,0,,-1,1,0,0,0,0,0,
1173,M0108_S_PSO,设备8开过程状态,用户变量,IODisc,,,,,,,,,,以太网<192.168.10.11>,PLC1,S71500Tcp,S7-1500,0,否,1000,0,0,0,是,否,DB3.354.4,DB,3,BIT,读写,不记录,0,60,TEST.一期,0,0,,-1,1,0,0,0,0,0,
1174,M0108_S_PSC,设备8关过程状态,用户变量,IODisc,,,,,,,,,,以太网<192.168.10.11>,PLC1,S71500Tcp,S7-1500,0,否,1000,0,0,0,是,否,DB3.354.5,DB,3,BIT,读写,不记录,0,60,TEST.一期,0,0,,-1,1,0,0,0,0,0,
1175,M0108_V_SW,设备8状态字,用户变量,IOShort,32767,-32767,32767,-32767,,无,否,0,,以太网<192.168.10.11>,PLC1,S71500Tcp,S7-1500,0,否,1000,0,0,0,是,否,DB3.356,DB,3,SHORT,只读,不记录,0,60,TEST.一期,0,0,,-1,1,0,0,0,0,0,
1176,M0108_A_TFLT,设备8综合故障,用户变量,IODisc,,,,,,,,,,以太网<192.168.10.11>,PLC1,S71500Tcp,S7-1500,0,否,1000,0,0,0,是,否,DB3.358.0,DB,3,BIT,读写,不记录,0,60,TEST.一期,0,0,,-1,1,0,0,0,0,0,
1177,M0108_A_FLT,设备8故障信号,用户变量,IODisc,,,,,,,,,,以太网<192.168.10.11>,PLC1,S71500Tcp,S7-1500,0,否,1000,0,0,0,是,否,DB3.358.1,DB,3,BIT,读写,不记录,0,60,TEST.一期,0,0,,-1,1,0,0,0,0,0,
1178,M0108_A_OLO,设备8开过扭信号,用户变量,IODisc,,,,,,,,,,以太网<192.168.10.11>,PLC1,S71500Tcp,S7-1500,0,否,1000,0,0,0,是,否,DB3.358.2,DB,3,BIT,读写,不记录,0,60,TEST.一期,0,0,,-1,1,0,0,0,0,0,
1179,M0108_A_OLC,设备8关过扭信号,用户变量,IODisc,,,,,,,,,,以太网<192.168.10.11>,PLC1,S71500Tcp,S7-1500,0,否,1000,0,0,0,是,否,DB3.358.3,DB,3,BIT,读写,不记录,0,60,TEST.一期,0,0,,-1,1,0,0,0,0,0,
1180,M0108_A_OTO,设备8开超时报警,用户变量,IODisc,,,,,,,,,,以太网<192.168.10.11>,PLC1,S71500Tcp,S7-1500,0,否,1000,0,0,0,是,否,DB3.358.4,DB,3,BIT,读写,不记录,0,60,TEST.一期,0,0,,-1,1,0,0,0,0,0,
1181,M0108_A_OTC,设备8关超时报警,用户变量,IODisc,,,,,,,,,,以太网<192.168.10.11>,PLC1,S71500Tcp,S7-1500,0,否,1000,0,0,0,是,否,DB3.358.5,DB,3,BIT,读写,不记录,0,60,TEST.一期,0,0,,-1,1,0,0,0,0,0,
1182,M0108_V_T_PS,设备8动作时间,用户变量,IOShort,32767,-32767,32767,-32767,,无,否,0,,以太网<192.168.10.11>,PLC1,S71500Tcp,S7-1500,0,否,1000,0,0,0,是,否,DB3.360,DB,3,SHORT,只读,不记录,0,60,TEST.一期,0,0,,-1,1,0,0,0,0,0,
1183,M0108_V_ZIT,设备8开度反馈,用户变量,IOFloat,1000000000,-1000000000,1000000000,-1000000000,,无,否,0,,以太网<192.168.10.11>,PLC1,S71500Tcp,S7-1500,0,否,1000,0,0,0,是,否,DB3.362,DB,3,FLOAT,只读,不记录,0,60,TEST.一期,0,0,,-1,1,0,0,0,0,0,
1184,M0108_W_ZIT,设备8开度设定,用户变量,IOFloat,1000000000,-1000000000,1000000000,-1000000000,,无,否,0,,以太网<192.168.10.11>,PLC1,S71500Tcp,S7-1500,0,否,1000,0,0,0,是,否,DB3.366,DB,3,FLOAT,只读,不记录,0,60,TEST.一期,0,0,,-1,1,0,0,0,0,0,
1185,M0109_C_MAN,设备9手动按钮,用户变量,IODisc,,,,,,,,,,以太网<192.168.10.11>,PLC1,S71500Tcp,S7-1500,0,否,1000,0,0,0,是,否,DB3.400.0,DB,3,BIT,读写,不记录,0,60,TEST.一期,0,0,,-1,1,0,0,0,0,0,
1186,M0109_C_AUT,设备9自动按钮,用户变量,IODisc,,,,,,,,,,以太网<192.168.10.11>,PLC1,S71500Tcp,S7-1500,0,否,1000,0,0,0,是,否,DB3.400.1,DB,3,BIT,读写,不记录,0,60,TEST.一期,0,0,,-1,1,0,0,0,0,0,
1187,M0109_C_OP,设备9开阀按钮,用户变量,IODisc,,,,,,,,,,以太网<192.168.10.11>,PLC1,S71500Tcp,S7-1500,0,否,1000,0,0,0,是,否,DB3.400.2,DB,3,BIT,读写,不记录,0,60,TEST.一期,0,0,,-1,1,0,0,0,0,0,
1188,M0109_C_CL,设备9关阀按钮,用户变量,IODisc,,,,,,,,,,以太网<192.168.10.11>,PLC1,S71500Tcp,S7-1500,0,否,1000,0,0,0,是,否,DB3.400.3,DB,3,BIT,读写,不记录,0,60,TEST.一期,0,0,,-1,1,0,0,0,0,0,
1189,M0109_C_SP,设备9停止按钮,用户变量,IODisc,,,,,,,,,,以太网<192.168.10.11>,PLC1,S71500Tcp,S7-1500,0,否,1000,0,0,0,是,否,DB3.400.4,DB,3,BIT,读写,不记录,0,60,TEST.一期,0,0,,-1,1,0,0,0,0,0,
1190,M0109_C_RST,设备9复位按钮,用户变量,IODisc,,,,,,,,,,以太网<192.168.10.11>,PLC1,S71500Tcp,S7-1500,0,否,1000,0,0,0,是,否,DB3.400.5,DB,3,BIT,读写,不记录,0,60,TEST.一期,0,0,,-1,1,0,0,0,0,0,
1191,M0109_W_T_FLT,设备9超时设定(S),用户变量,IOShort,32767,-32767,32767,-32767,,无,否,0,,以太网<192.168.10.11>,PLC1,S71500Tcp,S7-1500,0,否,1000,0,0,0,是,否,DB3.402,DB,3,SHORT,只读,不记录,0,60,TEST.一期,0,0,,-1,1,0,0,0,0,0,
1192,M0109_S_REM,设备9就地/远程模式,用户变量,IODisc,,,,,,,,,,以太网<192.168.10.11>,PLC1,S71500Tcp,S7-1500,0,否,1000,0,0,0,是,否,DB3.404.0,DB,3,BIT,读写,不记录,0,60,TEST.一期,0,0,,-1,1,0,0,0,0,0,
1193,M0109_S_AUT,设备9手动/自动模式,用户变量,IODisc,,,,,,,,,,以太网<192.168.10.11>,PLC1,S71500Tcp,S7-1500,0,否,1000,0,0,0,是,否,DB3.404.1,DB,3,BIT,读写,不记录,0,60,TEST.一期,0,0,,-1,1,0,0,0,0,0,
1194,M0109_S_ZIO,设备9全开状态,用户变量,IODisc,,,,,,,,,,以太网<192.168.10.11>,PLC1,S71500Tcp,S7-1500,0,否,1000,0,0,0,是,否,DB3.404.2,DB,3,BIT,读写,不记录,0,60,TEST.一期,0,0,,-1,1,0,0,0,0,0,
1195,M0109_S_ZIC,设备9全关状态,用户变量,IODisc,,,,,,,,,,以太网<192.168.10.11>,PLC1,S71500Tcp,S7-1500,0,否,1000,0,0,0,是,否,DB3.404.3,DB,3,BIT,读写,不记录,0,60,TEST.一期,0,0,,-1,1,0,0,0,0,0,
1196,M0109_S_PSO,设备9开过程状态,用户变量,IODisc,,,,,,,,,,以太网<192.168.10.11>,PLC1,S71500Tcp,S7-1500,0,否,1000,0,0,0,是,否,DB3.404.4,DB,3,BIT,读写,不记录,0,60,TEST.一期,0,0,,-1,1,0,0,0,0,0,
1197,M0109_S_PSC,设备9关过程状态,用户变量,IODisc,,,,,,,,,,以太网<192.168.10.11>,PLC1,S71500Tcp,S7-1500,0,否,1000,0,0,0,是,否,DB3.404.5,DB,3,BIT,读写,不记录,0,60,TEST.一期,0,0,,-1,1,0,0,0,0,0,
1198,M0109_V_SW,设备9状态字,用户变量,IOShort,32767,-32767,32767,-32767,,无,否,0,,以太网<192.168.10.11>,PLC1,S71500Tcp,S7-1500,0,否,1000,0,0,0,是,否,DB3.406,DB,3,SHORT,只读,不记录,0,60,TEST.一期,0,0,,-1,1,0,0,0,0,0,
1199,M0109_A_TFLT,设备9综合故障,用户变量,IODisc,,,,,,,,,,以太网<192.168.10.11>,PLC1,S71500Tcp,S7-1500,0,否,1000,0,0,0,是,否,DB3.408.0,DB,3,BIT,读写,不记录,0,60,TEST.一期,0,0,,-1,1,0,0,0,0,0,
1200,M0109_A_FLT,设备9故障信号,用户变量,IODisc,,,,,,,,,,以太网<192.168.10.11>,PLC1,S71500Tcp,S7-1500,0,否,1000,0,0,0,是,否,DB3.408.1,DB,3,BIT,读写,不记录,0,60,TEST.一期,0,0,,-1,1,0,0,0,0,0,
1201,M0109_A_OLO,设备9开过扭信号,用户变量,IODisc,,,,,,,,,,以太网<192.168.10.11>,PLC1,S71500Tcp,S7-1500,0,否,1000,0,0,0,是,否,DB3.408.2,DB,3,BIT,读写,不记录,0,60,TEST.一期,0,0,,-1,1,0,0,0,0,0,
1202,M0109_A_OLC,设备9关过扭信号,用户变量,IODisc,,,,,,,,,,以太网<192.168.10.11>,PLC1,S71500Tcp,S7-1500,0,否,1000,0,0,0,是,否,DB3.408.3,DB,3,BIT,读写,不记录,0,60,TEST.一期,0,0,,-1,1,0,0,0,0,0,
1203,M0109_A_OTO,设备9开超时报警,用户变量,IODisc,,,,,,,,,,以太网<192.168.10.11>,PLC1,S71500Tcp,S7-1500,0,否,1000,0,0,0,是,否,DB3.408.4,DB,3,BIT,读写,不记录,0,60,TEST.一期,0,0,,-1,1,0,0,0,0,0,
1204,M0109_A_OTC,设备9关超时报警,用户变量,IODisc,,,,,,,,,,以太网<192.168.10.11>,PLC1,S71500Tcp,S7-1500,0,否,1000,0,0,0,是,否,DB3.408.5,DB,3,BIT,读写,不记录,0,60,TEST.一期,0,0,,-1,1,0,0,0,0,0,
1205,M0109_V_T_PS,设备9动作时间,用户变量,IOShort,32767,-32767,32767,-32767,,无,否,0,,以太网<192.168.10.11>,PLC1,S71500Tcp,S7-1500,0,否,1000,0,0,0,是,否,DB3.410,DB,3,SHORT,只读,不记录,0,60,TEST.一期,0,0,,-1,1,0,0,0,0,0,
1206,M0109_V_ZIT,设备9开度反馈,用户变量,IOFloat,1000000000,-1000000000,1000000000,-1000000000,,无,否,0,,以太网<192.168.10.11>,PLC1,S71500Tcp,S7-1500,0,否,1000,0,0,0,是,否,DB3.412,DB,3,FLOAT,只读,不记录,0,60,TEST.一期,0,0,,-1,1,0,0,0,0,0,
1207,M0109_W_ZIT,设备9开度设定,用户变量,IOFloat,1000000000,-1000000000,1000000000,-1000000000,,无,否,0,,以太网<192.168.10.11>,PLC1,S71500Tcp,S7-1500,0,否,1000,0,0,0,是,否,DB3.416,DB,3,FLOAT,只读,不记录,0,60,TEST.一期,0,0,,-1,1,0,0,0,0,0,
1208,M0110_C_MAN,设备10手动按钮,用户变量,IODisc,,,,,,,,,,以太网<192.168.10.11>,PLC1,S71500Tcp,S7-1500,0,否,1000,0,0,0,是,否,DB3.450.0,DB,3,BIT,读写,不记录,0,60,TEST.一期,0,0,,-1,1,0,0,0,0,0,
1209,M0110_C_AUT,设备10自动按钮,用户变量,IODisc,,,,,,,,,,以太网<192.168.10.11>,PLC1,S71500Tcp,S7-1500,0,否,1000,0,0,0,是,否,DB3.450.1,DB,3,BIT,读写,不记录,0,60,TEST.一期,0,0,,-1,1,0,0,0,0,0,
1210,M0110_C_OP,设备10开阀按钮,用户变量,IODisc,,,,,,,,,,以太网<192.168.10.11>,PLC1,S71500Tcp,S7-1500,0,否,1000,0,0,0,是,否,DB3.450.2,DB,3,BIT,读写,不记录,0,60,TEST.一期,0,0,,-1,1,0,0,0,0,0,
1211,M0110_C_CL,设备10关阀按钮,用户变量,IODisc,,,,,,,,,,以太网<192.168.10.11>,PLC1,S71500Tcp,S7-1500,0,否,1000,0,0,0,是,否,DB3.450.3,DB,3,BIT,读写,不记录,0,60,TEST.一期,0,0,,-1,1,0,0,0,0,0,
1212,M0110_C_SP,设备10停止按钮,用户变量,IODisc,,,,,,,,,,以太网<192.168.10.11>,PLC1,S71500Tcp,S7-1500,0,否,1000,0,0,0,是,否,DB3.450.4,DB,3,BIT,读写,不记录,0,60,TEST.一期,0,0,,-1,1,0,0,0,0,0,
1213,M0110_C_RST,设备10复位按钮,用户变量,IODisc,,,,,,,,,,以太网<192.168.10.11>,PLC1,S71500Tcp,S7-1500,0,否,1000,0,0,0,是,否,DB3.450.5,DB,3,BIT,读写,不记录,0,60,TEST.一期,0,0,,-1,1,0,0,0,0,0,
1214,M0110_W_T_FLT,设备10超时设定(S),用户变量,IOShort,32767,-32767,32767,-32767,,无,否,0,,以太网<192.168.10.11>,PLC1,S71500Tcp,S7-1500,0,否,1000,0,0,0,是,否,DB3.452,DB,3,SHORT,只读,不记录,0,60,TEST.一期,0,0,,-1,1,0,0,0,0,0,
1215,M0110_S_REM,设备10就地/远程模式,用户变量,IODisc,,,,,,,,,,以太网<192.168.10.11>,PLC1,S71500Tcp,S7-1500,0,否,1000,0,0,0,是,否,DB3.454.0,DB,3,BIT,读写,不记录,0,60,TEST.一期,0,0,,-1,1,0,0,0,0,0,
1216,M0110_S_AUT,设备10手动/自动模式,用户变量,IODisc,,,,,,,,,,以太网<192.168.10.11>,PLC1,S71500Tcp,S7-1500,0,否,1000,0,0,0,是,否,DB3.454.1,DB,3,BIT,读写,不记录,0,60,TEST.一期,0,0,,-1,1,0,0,0,0,0,
1217,M0110_S_ZIO,设备10全开状态,用户变量,IODisc,,,,,,,,,,以太网<192.168.10.11>,PLC1,S71500Tcp,S7-1500,0,否,1000,0,0,0,是,否,DB3.454.2,DB,3,BIT,读写,不记录,0,60,TEST.一期,0,0,,-1,1,0,0,0,0,0,
1218,M0110_S_ZIC,设备10全关状态,用户变量,IODisc,,,,,,,,,,以太网<192.168.10.11>,PLC1,S71500Tcp,S7-1500,0,否,1000,0,0,0,是,否,DB3.454.3,DB,3,BIT,读写,不记录,0,60,TEST.一期,0,0,,-1,1,0,0,0,0,0,
1219,M0110_S_PSO,设备10开过程状态,用户变量,IODisc,,,,,,,,,,以太网<192.168.10.11>,PLC1,S71500Tcp,S7-1500,0,否,1000,0,0,0,是,否,DB3.454.4,DB,3,BIT,读写,不记录,0,60,TEST.一期,0,0,,-1,1,0,0,0,0,0,
1220,M0110_S_PSC,设备10关过程状态,用户变量,IODisc,,,,,,,,,,以太网<192.168.10.11>,PLC1,S71500Tcp,S7-1500,0,否,1000,0,0,0,是,否,DB3.454.5,DB,3,BIT,读写,不记录,0,60,TEST.一期,0,0,,-1,1,0,0,0,0,0,
1221,M0110_V_SW,设备10状态字,用户变量,IOShort,32767,-32767,32767,-32767,,无,否,0,,以太网<192.168.10.11>,PLC1,S71500Tcp,S7-1500,0,否,1000,0,0,0,是,否,DB3.456,DB,3,SHORT,只读,不记录,0,60,TEST.一期,0,0,,-1,1,0,0,0,0,0,
1222,M0110_A_TFLT,设备10综合故障,用户变量,IODisc,,,,,,,,,,以太网<192.168.10.11>,PLC1,S71500Tcp,S7-1500,0,否,1000,0,0,0,是,否,DB3.458.0,DB,3,BIT,读写,不记录,0,60,TEST.一期,0,0,,-1,1,0,0,0,0,0,
1223,M0110_A_FLT,设备10故障信号,用户变量,IODisc,,,,,,,,,,以太网<192.168.10.11>,PLC1,S71500Tcp,S7-1500,0,否,1000,0,0,0,是,否,DB3.458.1,DB,3,BIT,读写,不记录,0,60,TEST.一期,0,0,,-1,1,0,0,0,0,0,
1224,M0110_A_OLO,设备10开过扭信号,用户变量,IODisc,,,,,,,,,,以太网<192.168.10.11>,PLC1,S71500Tcp,S7-1500,0,否,1000,0,0,0,是,否,DB3.458.2,DB,3,BIT,读写,不记录,0,60,TEST.一期,0,0,,-1,1,0,0,0,0,0,
1225,M0110_A_OLC,设备10关过扭信号,用户变量,IODisc,,,,,,,,,,以太网<192.168.10.11>,PLC1,S71500Tcp,S7-1500,0,否,1000,0,0,0,是,否,DB3.458.3,DB,3,BIT,读写,不记录,0,60,TEST.一期,0,0,,-1,1,0,0,0,0,0,
1226,M0110_A_OTO,设备10开超时报警,用户变量,IODisc,,,,,,,,,,以太网<192.168.10.11>,PLC1,S71500Tcp,S7-1500,0,否,1000,0,0,0,是,否,DB3.458.4,DB,3,BIT,读写,不记录,0,60,TEST.一期,0,0,,-1,1,0,0,0,0,0,
1227,M0110_A_OTC,设备10关超时报警,用户变量,IODisc,,,,,,,,,,以太网<192.168.10.11>,PLC1,S71500Tcp,S7-1500,0,否,1000,0,0,0,是,否,DB3.458.5,DB,3,BIT,读写,不记录,0,60,TEST.一期,0,0,,-1,1,0,0,0,0,0,
1228,M0110_V_T_PS,设备10动作时间,用户变量,IOShort,32767,-32767,32767,-32767,,无,否,0,,以太网<192.168.10.11>,PLC1,S71500Tcp,S7-1500,0,否,1000,0,0,0,是,否,DB3.460,DB,3,SHORT,只读,不记录,0,60,TEST.一期,0,0,,-1,1,0,0,0,0,0,
1229,M0110_V_ZIT,设备10开度反馈,用户变量,IOFloat,1000000000,-1000000000,1000000000,-1000000000,,无,否,0,,以太网<192.168.10.11>,PLC1,S71500Tcp,S7-1500,0,否,1000,0,0,0,是,否,DB3.462,DB,3,FLOAT,只读,不记录,0,60,TEST.一期,0,0,,-1,1,0,0,0,0,0,
1230,M0110_W_ZIT,设备10开度设定,用户变量,IOFloat,1000000000,-1000000000,1000000000,-1000000000,,无,否,0,,以太网<192.168.10.11>,PLC1,S71500Tcp,S7-1500,0,否,1000,0,0,0,是,否,DB3.466,DB,3,FLOAT,只读,不记录,0,60,TEST.一期,0,0,,-1,1,0,0,0,0,0,
1231,M0111_C_MAN,设备11手动按钮,用户变量,IODisc,,,,,,,,,,以太网<192.168.10.11>,PLC1,S71500Tcp,S7-1500,0,否,1000,0,0,0,是,否,DB3.500.0,DB,3,BIT,读写,不记录,0,60,TEST.一期,0,0,,-1,1,0,0,0,0,0,
1232,M0111_C_AUT,设备11自动按钮,用户变量,IODisc,,,,,,,,,,以太网<192.168.10.11>,PLC1,S71500Tcp,S7-1500,0,否,1000,0,0,0,是,否,DB3.500.1,DB,3,BIT,读写,不记录,0,60,TEST.一期,0,0,,-1,1,0,0,0,0,0,
1233,M0111_C_OP,设备11开阀按钮,用户变量,IODisc,,,,,,,,,,以太网<192.168.10.11>,PLC1,S71500Tcp,S7-1500,0,否,1000,0,0,0,是,否,DB3.500.2,DB,3,BIT,读写,不记录,0,60,TEST.一期,0,0,,-1,1,0,0,0,0,0,
1234,M0111_C_CL,设备11关阀按钮,用户变量,IODisc,,,,,,,,,,以太网<192.168.10.11>,PLC1,S71500Tcp,S7-1500,0,否,1000,0,0,0,是,否,DB3.500.3,DB,3,BIT,读写,不记录,0,60,TEST.一期,0,0,,-1,1,0,0,0,0,0,
1235,M0111_C_SP,设备11停止按钮,用户变量,IODisc,,,,,,,,,,以太网<192.168.10.11>,PLC1,S71500Tcp,S7-1500,0,否,1000,0,0,0,是,否,DB3.500.4,DB,3,BIT,读写,不记录,0,60,TEST.一期,0,0,,-1,1,0,0,0,0,0,
1236,M0111_C_RST,设备11复位按钮,用户变量,IODisc,,,,,,,,,,以太网<192.168.10.11>,PLC1,S71500Tcp,S7-1500,0,否,1000,0,0,0,是,否,DB3.500.5,DB,3,BIT,读写,不记录,0,60,TEST.一期,0,0,,-1,1,0,0,0,0,0,
1237,M0111_W_T_FLT,设备11超时设定(S),用户变量,IOShort,32767,-32767,32767,-32767,,无,否,0,,以太网<192.168.10.11>,PLC1,S71500Tcp,S7-1500,0,否,1000,0,0,0,是,否,DB3.502,DB,3,SHORT,只读,不记录,0,60,TEST.一期,0,0,,-1,1,0,0,0,0,0,
1238,M0111_S_REM,设备11就地/远程模式,用户变量,IODisc,,,,,,,,,,以太网<192.168.10.11>,PLC1,S71500Tcp,S7-1500,0,否,1000,0,0,0,是,否,DB3.504.0,DB,3,BIT,读写,不记录,0,60,TEST.一期,0,0,,-1,1,0,0,0,0,0,
1239,M0111_S_AUT,设备11手动/自动模式,用户变量,IODisc,,,,,,,,,,以太网<192.168.10.11>,PLC1,S71500Tcp,S7-1500,0,否,1000,0,0,0,是,否,DB3.504.1,DB,3,BIT,读写,不记录,0,60,TEST.一期,0,0,,-1,1,0,0,0,0,0,
1240,M0111_S_ZIO,设备11全开状态,用户变量,IODisc,,,,,,,,,,以太网<192.168.10.11>,PLC1,S71500Tcp,S7-1500,0,否,1000,0,0,0,是,否,DB3.504.2,DB,3,BIT,读写,不记录,0,60,TEST.一期,0,0,,-1,1,0,0,0,0,0,
1241,M0111_S_ZIC,设备11全关状态,用户变量,IODisc,,,,,,,,,,以太网<192.168.10.11>,PLC1,S71500Tcp,S7-1500,0,否,1000,0,0,0,是,否,DB3.504.3,DB,3,BIT,读写,不记录,0,60,TEST.一期,0,0,,-1,1,0,0,0,0,0,
1242,M0111_S_PSO,设备11开过程状态,用户变量,IODisc,,,,,,,,,,以太网<192.168.10.11>,PLC1,S71500Tcp,S7-1500,0,否,1000,0,0,0,是,否,DB3.504.4,DB,3,BIT,读写,不记录,0,60,TEST.一期,0,0,,-1,1,0,0,0,0,0,
1243,M0111_S_PSC,设备11关过程状态,用户变量,IODisc,,,,,,,,,,以太网<192.168.10.11>,PLC1,S71500Tcp,S7-1500,0,否,1000,0,0,0,是,否,DB3.504.5,DB,3,BIT,读写,不记录,0,60,TEST.一期,0,0,,-1,1,0,0,0,0,0,
1244,M0111_V_SW,设备11状态字,用户变量,IOShort,32767,-32767,32767,-32767,,无,否,0,,以太网<192.168.10.11>,PLC1,S71500Tcp,S7-1500,0,否,1000,0,0,0,是,否,DB3.506,DB,3,SHORT,只读,不记录,0,60,TEST.一期,0,0,,-1,1,0,0,0,0,0,
1245,M0111_A_TFLT,设备11综合故障,用户变量,IODisc,,,,,,,,,,以太网<192.168.10.11>,PLC1,S71500Tcp,S7-1500,0,否,1000,0,0,0,是,否,DB3.508.0,DB,3,BIT,读写,不记录,0,60,TEST.一期,0,0,,-1,1,0,0,0,0,0,
1246,M0111_A_FLT,设备11故障信号,用户变量,IODisc,,,,,,,,,,以太网<192.168.10.11>,PLC1,S71500Tcp,S7-1500,0,否,1000,0,0,0,是,否,DB3.508.1,DB,3,BIT,读写,不记录,0,60,TEST.一期,0,0,,-1,1,0,0,0,0,0,
1247,M0111_A_OLO,设备11开过扭信号,用户变量,IODisc,,,,,,,,,,以太网<192.168.10.11>,PLC1,S71500Tcp,S7-1500,0,否,1000,0,0,0,是,否,DB3.508.2,DB,3,BIT,读写,不记录,0,60,TEST.一期,0,0,,-1,1,0,0,0,0,0,
1248,M0111_A_OLC,设备11关过扭信号,用户变量,IODisc,,,,,,,,,,以太网<192.168.10.11>,PLC1,S71500Tcp,S7-1500,0,否,1000,0,0,0,是,否,DB3.508.3,DB,3,BIT,读写,不记录,0,60,TEST.一期,0,0,,-1,1,0,0,0,0,0,
1249,M0111_A_OTO,设备11开超时报警,用户变量,IODisc,,,,,,,,,,以太网<192.168.10.11>,PLC1,S71500Tcp,S7-1500,0,否,1000,0,0,0,是,否,DB3.508.4,DB,3,BIT,读写,不记录,0,60,TEST.一期,0,0,,-1,1,0,0,0,0,0,
1250,M0111_A_OTC,设备11关超时报警,用户变量,IODisc,,,,,,,,,,以太网<192.168.10.11>,PLC1,S71500Tcp,S7-1500,0,否,1000,0,0,0,是,否,DB3.508.5,DB,3,BIT,读写,不记录,0,60,TEST.一期,0,0,,-1,1,0,0,0,0,0,
1251,M0111_V_T_PS,设备11动作时间,用户变量,IOShort,32767,-32767,32767,-32767,,无,否,0,,以太网<192.168.10.11>,PLC1,S71500Tcp,S7-1500,0,否,1000,0,0,0,是,否,DB3.510,DB,3,SHORT,只读,不记录,0,60,TEST.一期,0,0,,-1,1,0,0,0,0,0,
1252,M0111_V_ZIT,设备11开度反馈,用户变量,IOFloat,1000000000,-1000000000,1000000000,-1000000000,,无,否,0,,以太网<192.168.10.11>,PLC1,S71500Tcp,S7-1500,0,否,1000,0,0,0,是,否,DB3.512,DB,3,FLOAT,只读,不记录,0,60,TEST.一期,0,0,,-1,1,0,0,0,0,0,
1253,M0111_W_ZIT,设备11开度设定,用户变量,IOFloat,1000000000,-1000000000,1000000000,-1000000000,,无,否,0,,以太网<192.168.10.11>,PLC1,S71500Tcp,S7-1500,0,否,1000,0,0,0,是,否,DB3.516,DB,3,FLOAT,只读,不记录,0,60,TEST.一期,0,0,,-1,1,0,0,0,0,0,
1254,M0112_C_MAN,设备12手动按钮,用户变量,IODisc,,,,,,,,,,以太网<192.168.10.11>,PLC1,S71500Tcp,S7-1500,0,否,1000,0,0,0,是,否,DB3.550.0,DB,3,BIT,读写,不记录,0,60,TEST.一期,0,0,,-1,1,0,0,0,0,0,
1255,M0112_C_AUT,设备12自动按钮,用户变量,IODisc,,,,,,,,,,以太网<192.168.10.11>,PLC1,S71500Tcp,S7-1500,0,否,1000,0,0,0,是,否,DB3.550.1,DB,3,BIT,读写,不记录,0,60,TEST.一期,0,0,,-1,1,0,0,0,0,0,
1256,M0112_C_OP,设备12开阀按钮,用户变量,IODisc,,,,,,,,,,以太网<192.168.10.11>,PLC1,S71500Tcp,S7-1500,0,否,1000,0,0,0,是,否,DB3.550.2,DB,3,BIT,读写,不记录,0,60,TEST.一期,0,0,,-1,1,0,0,0,0,0,
1257,M0112_C_CL,设备12关阀按钮,用户变量,IODisc,,,,,,,,,,以太网<192.168.10.11>,PLC1,S71500Tcp,S7-1500,0,否,1000,0,0,0,是,否,DB3.550.3,DB,3,BIT,读写,不记录,0,60,TEST.一期,0,0,,-1,1,0,0,0,0,0,
1258,M0112_C_SP,设备12停止按钮,用户变量,IODisc,,,,,,,,,,以太网<192.168.10.11>,PLC1,S71500Tcp,S7-1500,0,否,1000,0,0,0,是,否,DB3.550.4,DB,3,BIT,读写,不记录,0,60,TEST.一期,0,0,,-1,1,0,0,0,0,0,
1259,M0112_C_RST,设备12复位按钮,用户变量,IODisc,,,,,,,,,,以太网<192.168.10.11>,PLC1,S71500Tcp,S7-1500,0,否,1000,0,0,0,是,否,DB3.550.5,DB,3,BIT,读写,不记录,0,60,TEST.一期,0,0,,-1,1,0,0,0,0,0,
1260,M0112_W_T_FLT,设备12超时设定(S),用户变量,IOShort,32767,-32767,32767,-32767,,无,否,0,,以太网<192.168.10.11>,PLC1,S71500Tcp,S7-1500,0,否,1000,0,0,0,是,否,DB3.552,DB,3,SHORT,只读,不记录,0,60,TEST.一期,0,0,,-1,1,0,0,0,0,0,
1261,M0112_S_REM,设备12就地/远程模式,用户变量,IODisc,,,,,,,,,,以太网<192.168.10.11>,PLC1,S71500Tcp,S7-1500,0,否,1000,0,0,0,是,否,DB3.554.0,DB,3,BIT,读写,不记录,0,60,TEST.一期,0,0,,-1,1,0,0,0,0,0,
1262,M0112_S_AUT,设备12手动/自动模式,用户变量,IODisc,,,,,,,,,,以太网<192.168.10.11>,PLC1,S71500Tcp,S7-1500,0,否,1000,0,0,0,是,否,DB3.554.1,DB,3,BIT,读写,不记录,0,60,TEST.一期,0,0,,-1,1,0,0,0,0,0,
1263,M0112_S_ZIO,设备12全开状态,用户变量,IODisc,,,,,,,,,,以太网<192.168.10.11>,PLC1,S71500Tcp,S7-1500,0,否,1000,0,0,0,是,否,DB3.554.2,DB,3,BIT,读写,不记录,0,60,TEST.一期,0,0,,-1,1,0,0,0,0,0,
1264,M0112_S_ZIC,设备12全关状态,用户变量,IODisc,,,,,,,,,,以太网<192.168.10.11>,PLC1,S71500Tcp,S7-1500,0,否,1000,0,0,0,是,否,DB3.554.3,DB,3,BIT,读写,不记录,0,60,TEST.一期,0,0,,-1,1,0,0,0,0,0,
1265,M0112_S_PSO,设备12开过程状态,用户变量,IODisc,,,,,,,,,,以太网<192.168.10.11>,PLC1,S71500Tcp,S7-1500,0,否,1000,0,0,0,是,否,DB3.554.4,DB,3,BIT,读写,不记录,0,60,TEST.一期,0,0,,-1,1,0,0,0,0,0,
1266,M0112_S_PSC,设备12关过程状态,用户变量,IODisc,,,,,,,,,,以太网<192.168.10.11>,PLC1,S71500Tcp,S7-1500,0,否,1000,0,0,0,是,否,DB3.554.5,DB,3,BIT,读写,不记录,0,60,TEST.一期,0,0,,-1,1,0,0,0,0,0,
1267,M0112_V_SW,设备12状态字,用户变量,IOShort,32767,-32767,32767,-32767,,无,否,0,,以太网<192.168.10.11>,PLC1,S71500Tcp,S7-1500,0,否,1000,0,0,0,是,否,DB3.556,DB,3,SHORT,只读,不记录,0,60,TEST.一期,0,0,,-1,1,0,0,0,0,0,
1268,M0112_A_TFLT,设备12综合故障,用户变量,IODisc,,,,,,,,,,以太网<192.168.10.11>,PLC1,S71500Tcp,S7-1500,0,否,1000,0,0,0,是,否,DB3.558.0,DB,3,BIT,读写,不记录,0,60,TEST.一期,0,0,,-1,1,0,0,0,0,0,
1269,M0112_A_FLT,设备12故障信号,用户变量,IODisc,,,,,,,,,,以太网<192.168.10.11>,PLC1,S71500Tcp,S7-1500,0,否,1000,0,0,0,是,否,DB3.558.1,DB,3,BIT,读写,不记录,0,60,TEST.一期,0,0,,-1,1,0,0,0,0,0,
1270,M0112_A_OLO,设备12开过扭信号,用户变量,IODisc,,,,,,,,,,以太网<192.168.10.11>,PLC1,S71500Tcp,S7-1500,0,否,1000,0,0,0,是,否,DB3.558.2,DB,3,BIT,读写,不记录,0,60,TEST.一期,0,0,,-1,1,0,0,0,0,0,
1271,M0112_A_OLC,设备12关过扭信号,用户变量,IODisc,,,,,,,,,,以太网<192.168.10.11>,PLC1,S71500Tcp,S7-1500,0,否,1000,0,0,0,是,否,DB3.558.3,DB,3,BIT,读写,不记录,0,60,TEST.一期,0,0,,-1,1,0,0,0,0,0,
1272,M0112_A_OTO,设备12开超时报警,用户变量,IODisc,,,,,,,,,,以太网<192.168.10.11>,PLC1,S71500Tcp,S7-1500,0,否,1000,0,0,0,是,否,DB3.558.4,DB,3,BIT,读写,不记录,0,60,TEST.一期,0,0,,-1,1,0,0,0,0,0,
1273,M0112_A_OTC,设备12关超时报警,用户变量,IODisc,,,,,,,,,,以太网<192.168.10.11>,PLC1,S71500Tcp,S7-1500,0,否,1000,0,0,0,是,否,DB3.558.5,DB,3,BIT,读写,不记录,0,60,TEST.一期,0,0,,-1,1,0,0,0,0,0,
1274,M0112_V_T_PS,设备12动作时间,用户变量,IOShort,32767,-32767,32767,-32767,,无,否,0,,以太网<192.168.10.11>,PLC1,S71500Tcp,S7-1500,0,否,1000,0,0,0,是,否,DB3.560,DB,3,SHORT,只读,不记录,0,60,TEST.一期,0,0,,-1,1,0,0,0,0,0,
1275,M0112_V_ZIT,设备12开度反馈,用户变量,IOFloat,1000000000,-1000000000,1000000000,-1000000000,,无,否,0,,以太网<192.168.10.11>,PLC1,S71500Tcp,S7-1500,0,否,1000,0,0,0,是,否,DB3.562,DB,3,FLOAT,只读,不记录,0,60,TEST.一期,0,0,,-1,1,0,0,0,0,0,
1276,M0112_W_ZIT,设备12开度设定,用户变量,IOFloat,1000000000,-1000000000,1000000000,-1000000000,,无,否,0,,以太网<192.168.10.11>,PLC1,S71500Tcp,S7-1500,0,否,1000,0,0,0,是,否,DB3.566,DB,3,FLOAT,只读,不记录,0,60,TEST.一期,0,0,,-1,1,0,0,0,0,0,
1277,M0113_C_MAN,设备13手动按钮,用户变量,IODisc,,,,,,,,,,以太网<192.168.10.11>,PLC1,S71500Tcp,S7-1500,0,否,1000,0,0,0,是,否,DB3.600.0,DB,3,BIT,读写,不记录,0,60,TEST.一期,0,0,,-1,1,0,0,0,0,0,
1278,M0113_C_AUT,设备13自动按钮,用户变量,IODisc,,,,,,,,,,以太网<192.168.10.11>,PLC1,S71500Tcp,S7-1500,0,否,1000,0,0,0,是,否,DB3.600.1,DB,3,BIT,读写,不记录,0,60,TEST.一期,0,0,,-1,1,0,0,0,0,0,
1279,M0113_C_OP,设备13开阀按钮,用户变量,IODisc,,,,,,,,,,以太网<192.168.10.11>,PLC1,S71500Tcp,S7-1500,0,否,1000,0,0,0,是,否,DB3.600.2,DB,3,BIT,读写,不记录,0,60,TEST.一期,0,0,,-1,1,0,0,0,0,0,
1280,M0113_C_CL,设备13关阀按钮,用户变量,IODisc,,,,,,,,,,以太网<192.168.10.11>,PLC1,S71500Tcp,S7-1500,0,否,1000,0,0,0,是,否,DB3.600.3,DB,3,BIT,读写,不记录,0,60,TEST.一期,0,0,,-1,1,0,0,0,0,0,
1281,M0113_C_SP,设备13停止按钮,用户变量,IODisc,,,,,,,,,,以太网<192.168.10.11>,PLC1,S71500Tcp,S7-1500,0,否,1000,0,0,0,是,否,DB3.600.4,DB,3,BIT,读写,不记录,0,60,TEST.一期,0,0,,-1,1,0,0,0,0,0,
1282,M0113_C_RST,设备13复位按钮,用户变量,IODisc,,,,,,,,,,以太网<192.168.10.11>,PLC1,S71500Tcp,S7-1500,0,否,1000,0,0,0,是,否,DB3.600.5,DB,3,BIT,读写,不记录,0,60,TEST.一期,0,0,,-1,1,0,0,0,0,0,
1283,M0113_W_T_FLT,设备13超时设定(S),用户变量,IOShort,32767,-32767,32767,-32767,,无,否,0,,以太网<192.168.10.11>,PLC1,S71500Tcp,S7-1500,0,否,1000,0,0,0,是,否,DB3.602,DB,3,SHORT,只读,不记录,0,60,TEST.一期,0,0,,-1,1,0,0,0,0,0,
1284,M0113_S_REM,设备13就地/远程模式,用户变量,IODisc,,,,,,,,,,以太网<192.168.10.11>,PLC1,S71500Tcp,S7-1500,0,否,1000,0,0,0,是,否,DB3.604.0,DB,3,BIT,读写,不记录,0,60,TEST.一期,0,0,,-1,1,0,0,0,0,0,
1285,M0113_S_AUT,设备13手动/自动模式,用户变量,IODisc,,,,,,,,,,以太网<192.168.10.11>,PLC1,S71500Tcp,S7-1500,0,否,1000,0,0,0,是,否,DB3.604.1,DB,3,BIT,读写,不记录,0,60,TEST.一期,0,0,,-1,1,0,0,0,0,0,
1286,M0113_S_ZIO,设备13全开状态,用户变量,IODisc,,,,,,,,,,以太网<192.168.10.11>,PLC1,S71500Tcp,S7-1500,0,否,1000,0,0,0,是,否,DB3.604.2,DB,3,BIT,读写,不记录,0,60,TEST.一期,0,0,,-1,1,0,0,0,0,0,
1287,M0113_S_ZIC,设备13全关状态,用户变量,IODisc,,,,,,,,,,以太网<192.168.10.11>,PLC1,S71500Tcp,S7-1500,0,否,1000,0,0,0,是,否,DB3.604.3,DB,3,BIT,读写,不记录,0,60,TEST.一期,0,0,,-1,1,0,0,0,0,0,
1288,M0113_S_PSO,设备13开过程状态,用户变量,IODisc,,,,,,,,,,以太网<192.168.10.11>,PLC1,S71500Tcp,S7-1500,0,否,1000,0,0,0,是,否,DB3.604.4,DB,3,BIT,读写,不记录,0,60,TEST.一期,0,0,,-1,1,0,0,0,0,0,
1289,M0113_S_PSC,设备13关过程状态,用户变量,IODisc,,,,,,,,,,以太网<192.168.10.11>,PLC1,S71500Tcp,S7-1500,0,否,1000,0,0,0,是,否,DB3.604.5,DB,3,BIT,读写,不记录,0,60,TEST.一期,0,0,,-1,1,0,0,0,0,0,
1290,M0113_V_SW,设备13状态字,用户变量,IOShort,32767,-32767,32767,-32767,,无,否,0,,以太网<192.168.10.11>,PLC1,S71500Tcp,S7-1500,0,否,1000,0,0,0,是,否,DB3.606,DB,3,SHORT,只读,不记录,0,60,TEST.一期,0,0,,-1,1,0,0,0,0,0,
1291,M0113_A_TFLT,设备13综合故障,用户变量,IODisc,,,,,,,,,,以太网<192.168.10.11>,PLC1,S71500Tcp,S7-1500,0,否,1000,0,0,0,是,否,DB3.608.0,DB,3,BIT,读写,不记录,0,60,TEST.一期,0,0,,-1,1,0,0,0,0,0,
1292,M0113_A_FLT,设备13故障信号,用户变量,IODisc,,,,,,,,,,以太网<192.168.10.11>,PLC1,S71500Tcp,S7-1500,0,否,1000,0,0,0,是,否,DB3.608.1,DB,3,BIT,读写,不记录,0,60,TEST.一期,0,0,,-1,1,0,0,0,0,0,
1293,M0113_A_OLO,设备13开过扭信号,用户变量,IODisc,,,,,,,,,,以太网<192.168.10.11>,PLC1,S71500Tcp,S7-1500,0,否,1000,0,0,0,是,否,DB3.608.2,DB,3,BIT,读写,不记录,0,60,TEST.一期,0,0,,-1,1,0,0,0,0,0,
1294,M0113_A_OLC,设备13关过扭信号,用户变量,IODisc,,,,,,,,,,以太网<192.168.10.11>,PLC1,S71500Tcp,S7-1500,0,否,1000,0,0,0,是,否,DB3.608.3,DB,3,BIT,读写,不记录,0,60,TEST.一期,0,0,,-1,1,0,0,0,0,0,
1295,M0113_A_OTO,设备13开超时报警,用户变量,IODisc,,,,,,,,,,以太网<192.168.10.11>,PLC1,S71500Tcp,S7-1500,0,否,1000,0,0,0,是,否,DB3.608.4,DB,3,BIT,读写,不记录,0,60,TEST.一期,0,0,,-1,1,0,0,0,0,0,
1296,M0113_A_OTC,设备13关超时报警,用户变量,IODisc,,,,,,,,,,以太网<192.168.10.11>,PLC1,S71500Tcp,S7-1500,0,否,1000,0,0,0,是,否,DB3.608.5,DB,3,BIT,读写,不记录,0,60,TEST.一期,0,0,,-1,1,0,0,0,0,0,
1297,M0113_V_T_PS,设备13动作时间,用户变量,IOShort,32767,-32767,32767,-32767,,无,否,0,,以太网<192.168.10.11>,PLC1,S71500Tcp,S7-1500,0,否,1000,0,0,0,是,否,DB3.610,DB,3,SHORT,只读,不记录,0,60,TEST.一期,0,0,,-1,1,0,0,0,0,0,
1298,M0113_V_ZIT,设备13开度反馈,用户变量,IOFloat,1000000000,-1000000000,1000000000,-1000000000,,无,否,0,,以太网<192.168.10.11>,PLC1,S71500Tcp,S7-1500,0,否,1000,0,0,0,是,否,DB3.612,DB,3,FLOAT,只读,不记录,0,60,TEST.一期,0,0,,-1,1,0,0,0,0,0,
1299,M0113_W_ZIT,设备13开度设定,用户变量,IOFloat,1000000000,-1000000000,1000000000,-1000000000,,无,否,0,,以太网<192.168.10.11>,PLC1,S71500Tcp,S7-1500,0,否,1000,0,0,0,是,否,DB3.616,DB,3,FLOAT,只读,不记录,0,60,TEST.一期,0,0,,-1,1,0,0,0,0,0,
